0xa726a137afa7fe054d13bdb5a58a951e;Типы ИБ;77;0
0x8c76727fe7de088f433701e4d79749f0;Типы ИБ;УТ 83;1
0x9844df5352a0d0d3457ccdfeabf7e5cb;XYZ Классификация;X - класс;0
0xa88f9384c6e3d10348134ab30b8e9ef7;XYZ Классификация;Y - класс;1
0x8059c1038ece83c04041c361f0d7272a;XYZ Классификация;Z - класс;2
0xa36acc0151640bf142d6791a02e7c1e9;Важность;Высокая;0
0x9199b355b4d4ec274523860c1a5b75b8;Важность;Средняя;1
0xaa75784087dba4a64b292e7c4227869b;Важность;Низкая;2
0xaf66d6d6566ce4324dfe17f6bb373c8f;Вариант реализации;Не ЕНВД;0
0x895a641e75d3eb0748d145e420599bf1;Вариант реализации;ЕНВД;1
0x822cef8717b0da6b433c43ef19506116;Варианты SMTP аутентификации;Аналогично POP3;0
0xae9fe697390248d74350b577464b92cc;Варианты SMTP аутентификации;Задается параметрами;1
0x9bfdf62a6b80730c4d2c38175a1242c8;Варианты SMTP аутентификации;POP3 перед SMTP;2
0x8cc83c83721632a245a9e5e0b9be6caf;Варианты SMTP аутентификации;Не задано;3
0xa9e42e99f6ca47dc4bcdbc0e9a5a972f;Варианты отображения отчетов;Сводная таблица;0
0x8a522966788f9dcd497a23e6ab7cfa7c;Варианты отображения отчетов;Диаграмма;1
0x9cc0b1f18d8032264c314aec1bd7a7e6;Варианты отображения отчетов;Таблица;2
0x91da9e037ba486364ba66a8cc30c6ffd;"Варианты переноса себестоимости списания в конфигурацию ""Бухгалтерия предприятия""";Не переносить;0
0xb7166ad6fc4dbc6844f7ab35d3497c4f;"Варианты переноса себестоимости списания в конфигурацию ""Бухгалтерия предприятия""";Переносить только документ партии;1
0x847415b72bd7cf174720ee087edba237;"Варианты переноса себестоимости списания в конфигурацию ""Бухгалтерия предприятия""";Переносить документ партии и себестоимость;2
0xb403995d3b60249e4a96da01285ea915;Варианты указания заказов в табличной части документов;Не использовать;0
0xb6a5de206b7fdb65459bcd78df5bc05d;Варианты указания заказов в табличной части документов;Для документов поступления;1
0xb7f0b320b32682d446e30c59eda5acfe;Варианты указания заказов в табличной части документов;Для документов реализации;2
0xa5d8ce940c98d3944747e396adfa7594;Варианты указания заказов в табличной части документов;Для документов поступления и реализации;3
0x9e11d2e4092d0d544185bee60bc989bb;Варианты указания складов в табличной части документов;Не использовать;0
0xb65d71c6a5151d884d46bbd13f533bb5;Варианты указания складов в табличной части документов;Для документов поступления;1
0xb000daab938fc1fa40453f9f96cb5c3e;Варианты указания складов в табличной части документов;Для документов реализации;2
0x9c5d696d33155d24481a57548fc0d5f5;Варианты указания складов в табличной части документов;Для документов поступления и реализации;3
0xb2b1d5b1f146b17244e2a0bbe5defd78;Ведение взаиморасчетов по договорам;По договору в целом;0
0x9e3dcdf95f4b29ec4750c6b619bdd048;Ведение взаиморасчетов по договорам;Удалить по расчетным документам;1
0xa7d2fe2c38614ea94d66d97312ef2756;Ведение взаиморасчетов по договорам;По заказам;2
0x9c2eafd63c317b0a4574a271cb715490;Ведение взаиморасчетов по договорам;По счетам;3
0xba6de4ab8d26aaed407c280c8eb436fb;Версии регламента обмена1 С;Не поддерживается - 1.0;0
0x975f47c5ac5511f94482714f189c597a;Версии регламента обмена1 С;2.0;1
0x9c1991970cdbcecc485cb24c7fb17a84;Версии формата пакета электронных документов;Версия 1.0;0
0x85197e01eeb314114d68282dba09df2f;Версии формата пакета электронных документов;Версия 2.0;1
0x896cbc2826d81bb2405060561dc59eb0;Версии формата пакета электронных документов;Версия 3.0;2
0xab26d3ca75b50fc749df051bf6c840c1;Вид выдачи денежных средств;Кассе ККМ;0
0xbba74779e0d7f5db48dfa63ff10df7c9;Вид выдачи денежных средств;НТТ;1
0xa6b835b71c55c04b4c0271c1f974030f;Вид приема розничной выручки;Из кассы;0
0x807b76481800417844281bd6f5839a2f;Вид приема розничной выручки;Из НТТ;1
0x83679a7237c500594ebdafbdc19ae59f;Вид счета-фактуры выставленного;На реализацию;0
0xb4f04472eb07a96f4999c837d4915fb3;Вид счета-фактуры выставленного;На аванс;1
0xa6398fd7ed81cd0f49c94215e0c8dd06;Вид счета-фактуры выставленного;Корректировочный;2
0x84f91e03a0f74a154ff7c45b7ca94861;Вид счета-фактуры выставленного;На аванс комитента;3
0x8e4084c001df901346ee5da78281b6b8;Вид счета-фактуры полученного;На поступление;0
0x94bbfb888d8cc0c44cf3fbedac0acd9e;Вид счета-фактуры полученного;На аванс;1
0xbae6f3f4fcbaaf264a586cece8bfb031;Вид счета-фактуры полученного;Корректировочный;2
0xa184e11c42eb44a847756eaaa6b80449;Виды агентских договоров;Аренда (абзац 1 п.3 ст. 161 НК РФ);0
0xa5518f27ef1cbd144f7edeb6ce1b1992;Виды агентских договоров;Реализация имущества (абзац 2 п. 3 ст.161 НК РФ);1
0xac695901af4f65ac49a6edb136b5ab99;Виды агентских договоров;Нерезидент (п.2 ст.161 НК РФ);2
0xbc828286ee5c29854e49bb8d3a371d22;Виды аккредитивов;Отзывный (покрытый);0
0xbfb39b85fa65757d4ffec2f853e34988;Виды аккредитивов;Отзывный (непокрытый);1
0xa2e4143f9e0c42874f570387585c4580;Виды аккредитивов;Безотзывный (покрытый);2
0x944c9cff6124bd634362f0b9a4f114e0;Виды аккредитивов;Безотзывный (непокрытый);3
0x9fd82bd9eb7d8f704332b2826b7ca2ca;Виды анкет;Опрос;0
0xac90fdd047673b70439fc5f50ba86304;Виды анкет;Тестирование;1
0xbdc11984d33a301e4d8210bc8ee037a4;Виды бизнес процессов;Переоценка товаров розница;0
0xa605ecf0b1de514a4b86d09f1e13247a;Виды бизнес процессов;Переоценка товаров АТТ;1
0xb7d6538b0b6680134cf1b73da4f3fb5a;Виды бизнес процессов;Согласование заказа покупателя;2
0x8aa6c1955158ce2447cc4fe8ba56cba8;Виды внутреннего заказа;На склад;0
0x93d406c86aac94f4491f81c9dbb4d886;Виды внутреннего заказа;В подразделение;1
0x8d349c45c7f611a1459bc5de81b94757;Виды движений приход/расход;Приход;0
0xa731b0fe0932937b45aafa6459c9e103;Виды движений приход/расход;Расход;1
0x8fd62e645489405d49f51c6576c29d0f;Виды действий автополучения/отправки электронных писем;Получение;0
0x9f13dd48925c99024b87f05629d2ea3d;Виды действий автополучения/отправки электронных писем;Отправка;1
0xbabc6c9b00f47cf1482a8d5bc59be23d;Виды действий автополучения/отправки электронных писем;Получение и отправка;2
0xa3f6d6622a5b7d1a4913d450638dcd78;Виды действий по заказам покупателей;Отгрузка по заказу;0
0x8158369e213af02c4121442121316db6;Виды действий по заказам покупателей;Оплата по заказу;1
0xb79dc0adb8c03523490fc437dc734ef0;Виды действий по заказам поставщикам;Поступление по заказу;0
0xa257f3eb70b87e2c4bfcbecf7d85b3f8;Виды действий по заказам поставщикам;Оплата по заказу;1
0x935edf3e01982ba14d89d82d32381d20;Виды действий фильтров электронных писем;Поместить письмо в папку ...;0
0x9337a80a18f3fd2c4350f51774db9399;Виды действий фильтров электронных писем;"Установить письму флаг ""Рассмотрено""";1
0x80f31e099772ee1f4bbe3837805121e8;Виды действий фильтров электронных писем;Продолжить дальнейшую обработку правил;2
0x86de7a5fb77f220048f1e68d9066edd4;Виды действий фильтров электронных писем;Установить письму оформление...;3
0xaffe702a40b56f754e45e8df717806d0;Виды денежных средств;Наличные;0
0xb592254ff9b2902146b3ef40f6719100;Виды денежных средств;Безналичные;1
0xbe291134d754c86b4416a07669e4df1c;Виды дней производственного календаря;Рабочий;0
0x80e7b8bb3d713d7b41cf809152cf4b59;Виды дней производственного календаря;Суббота;1
0xbf3cb91cfd4da6b94f99b64aa85fbda9;Виды дней производственного календаря;Воскресенье;2
0x86b7c9a6c181663544df574e78c63f93;Виды дней производственного календаря;Предпраздничный;3
0xb9aaf136fda865d3488ea2ac59e37e0e;Виды дней производственного календаря;Праздник;4
0x95db9a602e142ed645d7ccf13094909f;Виды договоров контрагентов;С поставщиком;0
0x9363c6f0a10557bf4822a55db4862286;Виды договоров контрагентов;С покупателем;1
0xb50d67d7453ad90e457789288e55cfe9;Виды договоров контрагентов;С комитентом;2
0x8217b777c1c509d34f4dd13d2b51b4fe;Виды договоров контрагентов;С комиссионером;3
0xa49b7e34b5f2cbb643d8f36270f8009f;Виды договоров контрагентов;Прочее;4
0x95329fc04e364c8a4fcca640ca80e82b;Виды дополнительной информации объектов;Файл;0
0x95ee3e3d4b66dd274b59b75677e2c147;Виды дополнительной информации объектов;Изображение;1
0x8337790bba2573f24dc5c4f6b0f80827;Виды дополнительных внешних обработок;Печатная форма;0
0x96aec23c282d61dc46eca9b3d5b7f602;Виды дополнительных внешних обработок;Заполнение табличных частей;1
0x8376f7d59252d5dd49bc0d9c0561fea2;Виды дополнительных внешних обработок;Обработка;2
0x8e86731837e0afa048e843d968fdfa6a;Виды дополнительных внешних обработок;Отчет;3
0xbb8c0ff7bfcd92894f6946e1b3c3ca85;Виды задолженности;Дебиторская;0
0x82326564b558cd904d1fb26666550b05;Виды задолженности;Кредиторская;1
0x9d5cc46bce5d33a246c23958d3faec99;Виды затрат;Материальные;0
0xb5fd74e7b42d1b4c46d8bcaaafde75dd;Виды затрат;Прочие;1
0x930f1bb5773ca40942f9a6c7e445121b;Виды изображений и файлов;Основное изображение;0
0xbad26b16c7b350c14adb040cf6162287;Виды изображений и файлов;Прочее изображение;1
0xa0d26a85cae54cc6485b1213eaf671cb;Виды изображений и файлов;Текстовый файл DOS кодировки;2
0xab074fe7a642732a4e71970ef7fbe6a3;Виды информационных карт;Магнитная;0
0x939250394968b51547a0d3ba5aa5d536;Виды информационных карт;Штриховая;1
0xbedd299ccec5489348aabb98eee8cab4;Виды исполнителей задач;Пользователь;0
0xbb96ad609d0c12974ea1e5ce86ffacca;Виды исполнителей задач;Инициатор;1
0xbf7dc3f7775a94a34b2b752068ccd7fa;Виды контактных лиц;Контактное лицо контрагента;0
0xa0d3b2fa86b6fab243bdcd9b9d49374b;Виды контактных лиц;Прочее контактное лицо;1
0xa38f064c0143682a4fd9cad4970ff809;Виды контактных лиц;Личный контакт;2
0x87b556deeb607a19421d05d7681f9793;Виды лицензий алкогольной (спиртосодержащей) продукции;Пиво или пивной напиток;0
0xacf28345a14705eb4d325fa7cd4ae364;Виды лицензий алкогольной (спиртосодержащей) продукции;Алкогольная продукция;1
0x8fdd8a11bbebfc224a52b097b2ef1a4a;Виды лицензий алкогольной (спиртосодержащей) продукции;Спиртосодержащая пищевая продукция;2
0x81e1737b5a60571945459ce1a1c22bc7;Виды лицензий алкогольной (спиртосодержащей) продукции;Спиртосодержащая непищевая продукция;3
0xbd04240ec7c4e11f49a3bc16e7d556e1;Виды лицензий алкогольной (спиртосодержащей) продукции;Спирт;4
0xb552487acb6c302f4ce0f5d4d3057c27;Виды лицензий на продажу алкоголя;Пиво или пивной напиток ;0
0x85b7410105a8151b48d0c828f9598d98;Виды лицензий на продажу алкоголя;Алкогольная продукция;1
0x8d902c4cf791539544a550676ac817d2;Виды лицензий на продажу алкоголя;Спиртосодержащая пищевая продукция;2
0xb833f46ebb3c4f654c66a3c74f2ed053;Виды лицензий на продажу алкоголя;Спиртосодержащая не пищевая продукция;3
0xb5801c6c29dce9774f7bbe8076b97d75;Виды наследования прав доступа иерархических справочников;Наследуется от родителя;0
0x880e11d5eb7cab594844477657ae8fb4;Виды наследования прав доступа иерархических справочников;Распространить на подчиненных;1
0xa92b7ddebb6f477e4ae3bd08c6f90902;Виды наследования прав доступа иерархических справочников;Только для текущего права;2
0x8312b3d5d9a5fc5f404b8b411e88b5f1;Виды объектов доступа;Организации;0
0xb619785b83be1dbc4d7bea57d36db10f;Виды объектов доступа;Контрагенты;1
0x99c29258df517301459b430c47a9caad;Виды объектов загружаемых из опроса;"Справочник ""Контрагенты""";0
0xb174c1482751e3ae4bc0c518a92be714;Виды объектов загружаемых из опроса;"Справочник ""Контактные лица""";1
0xb1b447921ab03df7415f80f1f60794b8;Виды объектов контактной информации;"Справочник ""Контактные лица""";0
0x892f862553a94f064ba3ea6f2cdd96d5;Виды объектов контактной информации;"Справочник ""Контрагенты""";1
0x82ed7d8d4589ae884d8b062bd486f6c1;Виды объектов контактной информации;"Справочник ""Организации""";2
0x91b59b571a87613f4b71fbcadd700ef7;Виды объектов контактной информации;"Справочник ""Пользователи""";3
0x8b5281845bdd97a243f72126459894e3;Виды объектов контактной информации;"Справочник ""Физические лица""";4
0xb09bfd1a7b0d154f4332628c77d2147b;Виды объектов контактной информации;"Справочник ""Контактные лица контрагентов""";5
0x86bbbdf9c73c1c67438210a143845a8d;Виды объектов контактной информации;"Справочник ""Личные контакты""";6
0x82fd248faeb2937f4a046005c686f844;Виды объектов события;Контрагент;0
0xa26f08749e92564a41d4c4722ad74817;Виды объектов события;Прочие контактные лица;1
0x939c1cfc04a3453641ab1659c55d607c;Виды операций ввод начальных остатков по взаиморасчетам;Расчеты с поставщиками;0
0x861a4b3bb475652b42dcd4b781174d5f;Виды операций ввод начальных остатков по взаиморасчетам;Расчеты с покупателями;1
0x922f334eab1495db464621eefc6fc8a2;Виды операций ввод начальных остатков по взаиморасчетам;Расчеты по прочим операциям;2
0x9e5db5ef6c7c596440ec6242ff8c2121;Виды операций по вводу нач. остатков для НДС;НДС по приобретенным ценностям;0
0x83307d75970774354a3325c5545d7496;Виды операций по вводу нач. остатков для НДС;НДС по авансам полученным;1
0xb62bcc2bee6d776949d4bdb586402be0;Виды операций по вводу нач. остатков для НДС;НДС неполученный от покупателей;2
0xa2c2b80199fea2f5434785eb3f6cefcf;"Виды операций документа ""Закрытие внутренних заказов""";закрытие внутренних заказов;0
0x874740f59775b1244fe393601ee4a59a;"Виды операций документа ""Закрытие внутренних заказов""";снятие резервов и размещения;1
0x9e6577b93f3bbb5343d6c8a534736cae;"Виды операций документа ""Закрытие заказов покупателей""";закрытие заказов от покупателей;0
0xb6e1cd021980a6c54913b175671add29;"Виды операций документа ""Закрытие заказов покупателей""";снятие резервов и размещения;1
0xa72b941cc1f2f27c41a679cc9533bb7c;Виды операций заявки на расходование;Оплата поставщику;0
0x825eaed0c22d8edd4879c53c3fcec9f1;Виды операций заявки на расходование;Возврат денежных средств покупателю;1
0x9117e87fee0220ac4e8a6e639809717a;Виды операций заявки на расходование;Выдача денежных средств подотчетнику;2
0x9075f89c427ddc5e478c854738be91a9;Виды операций заявки на расходование;Выдача денежных средств в кассу ККМ;3
0xbd3d8dd02bb8d620469a4f858b088fdc;Виды операций заявки на расходование;Расчеты по кредитам и займам с контрагентами;4
0x95443ec0d53a58bb471b996dbfc9c23c;Виды операций заявки на расходование;Перечисление налога;5
0xafcd01ee29d0b9fb4cea05c30b9a9643;Виды операций заявки на расходование;Прочие расчеты с контрагентами;6
0xb13e797156af68bc4bcc2e7ef8a79705;Виды операций заявки на расходование;Прочий расход денежных средств;7
0x9483efe86a07a08b4ab73cb6e1a9f1ab;"Виды операций документа ""Изменение лимитов возвратной тары""";лимит поставщика;0
0x891be17f18f0aac84b1463b2f18bc15a;"Виды операций документа ""Изменение лимитов возвратной тары""";лимит покупателю;1
0xbd259294c1bb688c4f283ef244bc0499;Виды операций исправления поступления/реализации;Исправление в первичных документах;0
0xa2f5007f6d8affae445bcf8611f78a35;Виды операций исправления поступления/реализации;Корректировка по согласованию сторон;1
0xbe313135c1e4f716448d12dcd9b98495;"Виды операций документа ""Комплектация нменклатуры""";комплектация;0
0x9e82cc17c81c163342a6d191e649db29;"Виды операций документа ""Комплектация нменклатуры""";разукомплектация;1
0xb21cceb5c0f9a5ec424aad57fa064ed8;"Виды операций документа ""Корректировка долга по возвратной таре""";проведение взаимозачета;0
0x82ba4e6425d64315424a6655a6240fb7;"Виды операций документа ""Корректировка долга по возвратной таре""";перенос задолженности;1
0xaba8edc71115bbbe46b00680b4bfe8ff;"Виды операций документа ""Корректировка долга по возвратной таре""";списание задолженности;2
0xa7f9327d5490f0df416d30c04f87ecc0;"Виды операций документа ""Корректировка долга по возвратной таре""";поставщика;0
0xa4047cc0e49aadba45a0649103b72936;"Виды операций документа ""Корректировка долга по возвратной таре""";у покупателя;1
0xa66be85ec379c79c440ee4c20534815e;"Виды операций документа ""Оплата от покупателя платежной картой""";Оплата от покупателя;0
0x8eef4b9452fcea71402641b6a0d63ad4;"Виды операций документа ""Оплата от покупателя платежной картой""";Возврат денежных средств покупателю;1
0xa8fcf111cc62bc9e45fea7b4724baf38;Виды операций отчет о розничных продажах;ККМ;0
0xb993a944e56565014a99da6221f62ab7;Виды операций отчет о розничных продажах;НТТ;1
0x9ddf55ed13ad171b407376e1bbc01d6f;"Виды операций документа ""Перемещение товаров""";товары;0
0x84071034839907784acdb1979a823e94;"Виды операций документа ""Перемещение товаров""";товары по ордерам;1
0x953129d68bb408f5419c3558662367a3;Виды операций переоценка товаров в рознице;переоценка в рознице;0
0xbd760f4d8d64de5144d20fc7561bda88;Виды операций переоценка товаров в рознице;переоценка в НТТ;1
0xbb35c6759a6da25a44c23be52ed6b87b;"Виды операций документа ""ПКО""";Оплата от покупателя;0
0xa80bddedb0612c9144ea9bfa9ea10a4f;"Виды операций документа ""ПКО""";Прием розничной выручки;1
0x81c9ab86e26ad6e947f19f31ec58a278;"Виды операций документа ""ПКО""";Возврат денежных средств подотчетником;2
0x88ccf1cf7cecec124c6c6b2d64b79a73;"Виды операций документа ""ПКО""";Возврат денежных средств поставщиком;3
0xb56be8aa5bf5afd540ea5d56b7ccda5d;"Виды операций документа ""ПКО""";Получение наличных денежных средств в банке;4
0x9074408f97e689ff44421cc85bf537d5;"Виды операций документа ""ПКО""";Расчеты по кредитам и займам с контрагентами;5
0x8781cd895a4b552f4a565a3b10ef6308;"Виды операций документа ""ПКО""";Прочий приход денежных средств;6
0x86476dd64a1e919840a3796ef3c3e102;"Виды операций документа ""ПКО""";Прочие расчеты с контрагентами;7
0x8969918de86603e841b1b179ea390062;Виды операций планируемое поступление денежных средств;Оплата от покупателя;0
0xb969a5e6bd5cbf36480a29bbc39618aa;Виды операций планируемое поступление денежных средств;Возврат денежных средств поставщиком;1
0x9c1eb0825aa9c8954b3fd9061c766084;Виды операций планируемое поступление денежных средств;Расчеты по кредитам и займам;2
0xa61c573a9ce14de64cf8b3cc582ac094;Виды операций планируемое поступление денежных средств;Прием розничной выручки;3
0xa7a5cba284b779a14bfe7ce9741f19c0;Виды операций планируемое поступление денежных средств;Прочее поступление денежных средств;4
0xa558ac6ed3ff06754d3df4db93c7d4f3;Виды операций планируемое поступление денежных средств;Прочие расчеты с контрагентами;5
0x8db5cdcd052047ba4b0a2eb189618a9a;Виды операций поступления безналичных денежных средств;Оплата от покупателя;0
0xb640d4f9ebc6b0444547899eee860ae4;Виды операций поступления безналичных денежных средств;Возврат денежных средств поставщиком;1
0xaa0540e9a6d0feae492e9bb9191b8f2f;Виды операций поступления безналичных денежных средств;Расчеты по кредитам и займам;2
0x83d81b89bef4a8cf4ec967082f0e3e3f;Виды операций поступления безналичных денежных средств;Прочие расчеты с контрагентами;3
0xb113e027c61476cc4032bad3874f7a68;Виды операций поступления безналичных денежных средств;Прочее поступление безналичных денежных средств;4
0xbac4dbf99044c2bd40854fe72f27de4c;Виды операций поступления безналичных денежных средств;Приобретение иностранной валюты;5
0xae141df82509fdf94005363063af9a15;Виды операций поступления безналичных денежных средств;Поступления от продажи иностранной валюты;6
0xaf5b317be1e43f0e4fb3b74486a29209;Виды операций поступления безналичных денежных средств;Поступление оплаты по платежным картам;7
0xb2e9df29bb0a49ab491311f4dd14c074;Виды операций поступления безналичных денежных средств;Поступление оплаты по банковским кредитам;8
0x9b3e38a764650f514c5eed7ac5cce245;Виды операций поступление доп расходов;услуга сторонней организации;0
0x97eea6afabaaf8034ab4c450097f766a;Виды операций поступление доп расходов;внутренний расход;1
0x9824e50e5ef43aa140b5cda4708a8e99;"Виды операций документа ""Поступление товаров и услуг в НТТ""";от поставщика;0
0x8d1ef41b732cf25947be72b64dc97f6e;"Виды операций документа ""Поступление товаров и услуг в НТТ""";внутреннее перемещение;1
0x8ad0c988fa02d59345b8afeff60b0bf8;Виды операций исходящего платежного поручения;Оплата поставщику;0
0x800057f9d8df52ae4fe2a0be9d6b83e1;Виды операций исходящего платежного поручения;Возврат денежных средств покупателю;1
0x84d7ebf7daf3194d4efcd7f17c8a4c4e;Виды операций исходящего платежного поручения;Расчеты по кредитам и займам с контрагентами;2
0x91728cc9f5910d484ca9bbbd3bfc1448;Виды операций исходящего платежного поручения;Прочие расчеты с контрагентами;3
0xa8c84baa3320ddfa473801cf61927813;Виды операций исходящего платежного поручения;Перечисление налога;4
0xac4450474a1ff5af41f24b8a48a40907;Виды операций исходящего платежного поручения;Перечисление денежных средств подотчетнику;5
0x992097b85a04ac3f4b20779725c1c049;Виды операций исходящего платежного поручения;Перевод на другой счет;6
0xba56665fb077e1ed4163938738aacebe;Виды операций исходящего платежного поручения;Прочее списание безналичных денежных средств;7
0xbb8d0d9d4c5a66d349945d2fca538f10;"Виды операций документа ""Приходный ордер""";от поставщика;0
0xbccd2dcdc0cd05a8492e2d6022b8d44c;"Виды операций документа ""Приходный ордер""";от подотчетника;1
0x83e0674286cbebe54c735625be786035;"Виды операций документа ""Приходный ордер""";от покупателя;2
0xb04cfaafbe8da6fc466fa0d155fe33a9;"Виды операций документа ""Приходный ордер""";перемещение;3
0x94853331e79edade4062840972523115;"Виды операций документа ""Расходный ордер""";возврат по приходному ордеру;0
0x9ed579d0d362093345a6dcf446da2e5b;"Виды операций документа ""Расходный ордер""";расход по накладной;1
0xa49176a264299db64138fad5d5a5cc9d;"Виды операций документа ""Расходный ордер""";возврат поставщику;2
0x8dc0394fd0223ad143902fe602e3c19d;"Виды операций документа ""Расходный ордер""";перемещение;3
0xae4878d3ae1bf28a4685a2431e68b80c;"Виды операций документа ""Расходный ордер""";Корректировка накладной;4
0x9ae4279c9f27b5bc42882d729fc4d374;"Виды операций документа ""Реализация товаров и услуг""";продажа, комиссия;0
0x9bfe2107b0bd995d4e75b1683d1f4361;"Виды операций документа ""Реализация товаров и услуг""";брак;1
0xa80fd9c3c792803d495b6eb2b94602b9;"Виды операций документа ""Реализация товаров и услуг""";акт выполненных работ;2
0xac094a8a051f83ab477538a4652fa8dc;"Виды операций документа ""Реализация товаров и услуг""";акт на передачу прав;3
0x9e834fe64a3c2fb940709934fd9e7384;"Виды операций документа ""Резервирование товаров""";по складам;0
0x884e1fd3a0b973d14c70e99cd8ddb9a1;"Виды операций документа ""Резервирование товаров""";по заказам;1
0x81ec420e057c464d4bb90b1f9381309d;"Виды операций документа ""Резервирование товаров""";по складам и заказам;2
0x9d647f71d674f96e40e769d8239dbfdf;"Виды операций документа ""РКО""";Оплата поставщику;0
0xadd0ad83bafec72442bcb90c4e4d1456;"Виды операций документа ""РКО""";Возврат денежных средств покупателю;1
0xb1a6bf704b5ada8e487f7eccee0415ac;"Виды операций документа ""РКО""";Расчеты по кредитам и займам с контрагентами;2
0x867d69498206f70e4c23f8ce2a500ec9;"Виды операций документа ""РКО""";Прочие расчеты с контрагентами;3
0xb0144ad2a1644ba04d76efc6f4577f5c;"Виды операций документа ""РКО""";Выдача денежных средств подотчетнику;4
0x96ba86bb3d3583f34f1131381a5df2af;"Виды операций документа ""РКО""";Выдача денежных средств в кассу ККМ;5
0xa95569aead093e2b49414ec031c1d871;"Виды операций документа ""РКО""";Взнос наличными в банк;6
0xbc8a9d23578025ff4877d065b4086c40;"Виды операций документа ""РКО""";Прочий расход денежных средств;7
0x836f82cb2eddebf444519693f97f7045;Виды операций списания безналичных денежных средств;Оплата поставщику;0
0xa86c927ccd80da9740ef899797bd6e8f;Виды операций списания безналичных денежных средств;Возврат денежных средств покупателю;1
0xb5a3a969813af41f4c1d52fd35660fab;Виды операций списания безналичных денежных средств;Расчеты по кредитам и займам;2
0x892f7386e5ecb40647ad376e72d8f1b4;Виды операций списания безналичных денежных средств;Прочие расчеты с контрагентами;3
0x8240e79b75cd402e4ed8972cf56fa941;Виды операций списания безналичных денежных средств;Перечисление налога;4
0x92bf7e466c45d0794311dabed2ed3a44;Виды операций списания безналичных денежных средств;Перечисление денежных средств подотчетнику;5
0xb102a90573b1e53e42335eb00963b1f1;Виды операций списания безналичных денежных средств;Перевод на другой счет;6
0xb1065814d2f455db42144ccbb38e0ee7;Виды операций списания безналичных денежных средств;Прочее списание безналичных денежных средств;7
0xbcdbafe337198c0644c8c686a5a038d4;"Виды операций документа ""Установка наценок по условиям продаж""";по ценовым группам;0
0x9734c8962aff8c7a4c93c4839f1a8ff6;"Виды операций документа ""Установка наценок по условиям продаж""";по номенклатурным группам;1
0x83ed9e6d74232073495545b7958432fd;Виды операций установка скидок номенклатуры;по номенклатуре;0
0xb37aabfb4ad9ffe74b3a9a95d8470b92;Виды операций установка скидок номенклатуры;по ценовым группам;1
0xa92539ab4ccbeb10484af21737738fed;Виды операций установка скидок номенклатуры;натуральные скидки;2
0x88ba00470c9098384d5147fbf4d6b5c0;Виды операций установка скидок номенклатуры;скидка суммой подарка;3
0xb6741c5f9834628c4dce2f87d498bc11;"Виды операций документа ""Установка типов цен по группам номенклатуры для покупателей""";по ценовым группам;0
0xa8ae705a3f6a27e04bf6c718eacfc75b;"Виды операций документа ""Установка типов цен по группам номенклатуры для покупателей""";по номенклатурным группам;1
0xb2ad53436d75f68a48cf1d1672bda9b1;"Виды операций документа ""Чек ККМ""";продажа;0
0xaedb897afe0c3dd54cc31583a73429ef;"Виды операций документа ""Чек ККМ""";чек на возврат;1
0x9fd70612a1dc3eea45faf175222d60fd;Виды операций ЭД;Исправление;0
0xa239c862da452c2147e83de03bf9bbb3;Виды операций ЭД;Корректировка;1
0x971de4a4a9f87d5c4ceb8ce7c2070357;Виды операций ЭД;Продажа, комиссия;2
0x8053a31b990bba8242f00d9bb2424cfe;Виды отчетов по платежам(комиссия);Аванс;0
0xb8cc35e77c3e8cde4d8c2a6055864d96;Виды отчетов по платежам(комиссия);Оплата;1
0x86c54078477c584940572c42f5b17beb;Виды отчетов по платежам(комиссия);Зачет аванса;2
0xa0c34b16d5fbcab14cf363b737d98271;Виды передачи товаров;Со склада;0
0xa3c19157d2091eac4b0cd7c921bfbd1f;Виды передачи товаров;По ордеру;1
0x9f5718cb6c5310ac4f9f3250e4406f35;Виды перечислений в бюджет;Налоговый платеж;0
0xb284cc9d1f2232ae45fcfebf2585d1fd;Виды перечислений в бюджет;Таможенный платеж;1
0xa2648429338ad7124e01ce6083529111;Виды перечислений в бюджет;Иной платеж;2
0xadea7738299f0e15435c6f8f87998a1f;Виды планирования;Продажи;0
0x959da1c342d6112649422f12389edaa5;Виды планирования;Закупки;1
0xb2406b6159d2af024889f65f33a8ac89;Виды поступления товаров;На склад;0
0x9c31b8688f067a2a4698b4033f1bfd42;Виды поступления товаров;По ордеру;1
0x9b21d8135056f0c54088ec8ffd175112;Виды правил для обмена данными;Правила конвертации объектов;0
0xb6c0e22c4bd2c1b7409f1edaddd82a66;Виды правил для обмена данными;Правила регистрации объектов;1
0xba0db206ee49cd1a4cd0b07fd2191624;Виды расчетов по договорам;Расчеты в валюте регламентированного учета;0
0x88317b0633c279f04b7246438c52e818;Виды расчетов по договорам;Расчеты в условных единицах;1
0x91913bf1cc3a676b46404a735fc9c029;Виды расчетов по договорам;Расчеты в иностранной валюте;2
0x9f335b1b32af50df42a68d2b30b4d531;Виды расчетов с контрагентами;По приобретению;0
0xad7d47cf8c4c496c44ab8fae8ba4c299;Виды расчетов с контрагентами;По реализации;1
0x8f8415b03ac7132340cb8425c74cb0e6;Виды расчетов с контрагентами;Прочее;2
0xa2aaf492c287d79240569236accfd57f;Виды скидок;Оптовая;0
0xbbe369909376ea0941379a4237fc305e;Виды скидок;Розничная;1
0xb1f281a3399b58824f62347ade3f006c;Виды складов;Оптовый;0
0xb075fb04e22ee8884318d83ef020b490;Виды складов;Розничный;1
0xae5873d7c90ae75d4e1c905bcb9aaa27;Виды складов;НТТ;2
0xaf8f588a6fd7cf9048fdef78fab542d1;Виды собственных контрагентов;Организация;0
0x8cad6d0a032466cc4b2d377d1d0265b4;Виды собственных контрагентов;Физ. лицо;1
0xa02982b6c4e69ff94442df85bffe1eb7;Виды событий;Телефонный звонок;0
0xa106b5f1ddecba0348e47647f1796541;Виды событий;Личная встреча;1
0xb0a1415d7304d32f482d8644b93ea7b2;Виды событий;Электронное письмо;2
0xab468adcd733171b49a9794aeb40c507;Виды событий;Почтовое письмо;3
0xb3dc89b27ea8acf546c0173f6e58cfdc;Виды событий;Прочее;4
0xa2ef9a00e8d7069c48acc477f3bee0ad;Виды табличных частей;Товары;0
0x8ed271396cae3743479ef04acc86b774;Виды табличных частей;Тара;1
0x823d10e1bbf88e0046ca01953f747028;Виды текстов электронных писем;HTML;0
0xbaa95900d43feba4469cc671d9a42e3e;Виды текстов электронных писем;Простой текст;1
0x886929f1dbc2ea71406f89b1f08408a1;Виды текстов электронных писем;Прочее;2
0x888dab7b15d7d35a4c3621264be3586f;Виды текстов электронных писем;HTML с картинками;3
0xb83159920941cd2d4d4eeaf35f84ca68;Виды торгового оборудования;Сканер штрихкода;0
0xb955c3e77625ed2d4ea23dc2da42ebbe;Виды торгового оборудования;Фискальный регистратор;1
0xb62bb5102722f50f471072fa2448c941;Виды торгового оборудования;Терминал сбора данных;2
0x88c68ed85d13b3df400a5ecbc3a2b02e;Виды торгового оборудования;Дисплей покупателя;3
0x9c3635e4205359f7412543b14af80030;Виды торгового оборудования;Считыватель магнитных карт;4
0xa7f4088a33504ce144a7ec596880b14d;Виды торгового оборудования;Электронные весы;5
0x90cafef9e0623a4345b084b6b181bb16;Виды торгового оборудования;Весы с печатью этикеток;6
0xa71e37a8b3225fa34f86edc7cdf1bba4;Виды торгового оборудования;ККМ Offline;7
0xadb8bd155b1e274640c4a7f0d864e386;Виды торгового оборудования;ККМ Online;8
0xb3d96bb16f8f726a4f67f8827204fe26;Виды торгового оборудования;Эквайринговая система;9
0x91164042d7d0cf4e41218296543c7314;Виды торгового оборудования;Считыватель RFID меток;10
0x982ac49637770ec0491e1039ab39fad8;Виды транспорта сообщений обмена;Почтовые сообщения;0
0xa540743c7958753545ab3ca77d93a6ba;Виды транспорта сообщений обмена;Локальный или сетевой каталог;1
0x8858bac68e7e65f34dfc052776b58810;Виды транспорта сообщений обмена;FTP-ресурс;2
0x8404ed702070e17a45cdf05eaba97fd9;Виды транспорта сообщений обмена;Интернет;3
0x9332c43ab5d1c8d6469f429bf5c415cd;Виды транспорта сообщений обмена;Прямое подключение;4
0x8c5eebc47e2c78af46aee58faec21882;Виды условий договоров взаиморасчетов;Без дополнительных условий;0
0xad06c25e0e5b705a42af45bc594a9383;Виды условий договоров взаиморасчетов;С дополнительными условиями;1
0xa0fee2ad275ef2404eca8c2693a46255;Виды условий обязательных ответов;Пустое значение;0
0xad533f31dabc912340b899d752279c95;Виды условий обязательных ответов;Любое значение;1
0x8080591a46ab8d62463f78f49ac76309;Виды условий обязательных ответов;Равно;2
0xbf21a5816d1a686542883baab2742969;Виды условий обязательных ответов;Не равно;3
0xa56daf1f00e784ea4c515b9edef21ff0;Виды условий обязательных ответов;Больше;4
0xb965116c5663eee145589d9831ff6820;Виды условий обязательных ответов;Больше или равно;5
0xa78f877dfaf590cd4059a3a9c27e813c;Виды условий обязательных ответов;Меньше;6
0x99491035c725cbc248b4ec8dc722906a;Виды условий обязательных ответов;Меньше или равно;7
0x9835aee8d4e91d9441fabce7f0c01df7;Виды условий обязательных ответов;В списке;8
0xaa375197247c5c724cdfd49e807fb9ca;Виды условий обязательных ответов;Не в списке;9
0x8d77ffc701ff06504382b159d9db1096;Виды ценностей;Авансы полученные;0
0x89a3180b22b5dc724b072511fa44f7a7;Виды ценностей;Авансы полученные под 0%;1
0xa9f1cc8b8b2c9e5147dbe3b2059fc4b5;Виды ценностей;Налоговый агент (аренда);2
0x8faacd2f213ac1974f1cff334026e8fc;Виды ценностей;Налоговый агент (иностранцы);3
0xafe65625f4dcce6448907ecb33e9158f;Виды ценностей;Посреднические услуги;4
0x98cfa7f305499609429fbaf109625fe7;Виды ценностей;Прочие работы и услуги;5
0x8cca2152a7fb9f2d41c2e33a895dd043;Виды ценностей;Таможенные платежи;6
0xa440b09d654023d2485218f19fda66e6;Виды ценностей;Товары;7
0x85c0efbcaaa291f24a036f55c244566d;Виды ценностей;Налоговый агент (комитент);8
0x91c832cbb563fe81421a3b506431c86f;Виды ценностей;Возврат;9
0x8112709450ac582d4399c8b3dd4f9d6f;Виды ценностей;Авансы выданные;10
0x85816ad583d784884eb69057ae73e740;Виды ценностей;Налоговый агент (реализация имущества);11
0xace0071eb18b76bc4dd68413934f3354;Виды электронных документов;Акт выполненных работ (CommerceML);0
0x9dbf0f8eb36d30d2425eedc022445df0;Виды электронных документов;Акт (титул заказчика);1
0xb43e357000d4de8d462bcea04d817c2e;Виды электронных документов;Акт (титул исполнителя);2
0x9ac197efb8442e6d40746b652a47c137;Виды электронных документов;Акт на передачу прав;3
0x86a909cf447cef614de78e2e0ccb4e60;Виды электронных документов;Возврат товаров между организациями;4
0x835fbe1f71522a10483bf8ea09bc9106;Виды электронных документов;Выписка банка;5
0x847e673880f9d82b467ab28a0f816b3e;Виды электронных документов;Дополнительные данные;6
0x84800048bdfb74954ecad067de88793b;Виды электронных документов;Заказ товара;7
0x8f72ff2b9ec79d734109530182cdf659;Виды электронных документов;Запрос выписки;8
0x8688d3d1c645fd1545adb40d869b0ce8;Виды электронных документов;Запрос ночной выписки;9
0x82fed4b3a621a0a94798ff4289b84fc6;Виды электронных документов;Извещение о получении;10
0xa39793886b1bfe5642ef4b1898bd9772;Виды электронных документов;Каталог товаров;11
0xa9b5b1ba7b19be294e10727c131485cc;Виды электронных документов;Квитанция;12
0x928d50a86646fbcf4d32b2e35831839a;Виды электронных документов;Корректировочный счет-фактура;13
0x99da7478589f22fe4a3ae76014bd5c0f;Виды электронных документов;Ответ на заказ;14
0x811af17f97af204d45c2baecac770e3c;Виды электронных документов;Отчет о продажах комиссионного товара;15
0x94c51a0d352286724ef576b1dfb9ae1b;Виды электронных документов;Отчет о списании комиссионного товара;16
0xa155f4d9885ed3c04a60dec479b5676a;Виды электронных документов;Ошибка;17
0x9994d8fd97ea09a44900d3e328bfe568;Виды электронных документов;Передача товаров между организациями;18
0x8c4a09e453c976b14109224726014803;Виды электронных документов;Платежное поручение;19
0xa4b133cbcaa759b44b4aeda3e6b0127d;Виды электронных документов;Подтверждение;20
0x8c557b4a5acec5154f6d00bf5d4512d0;Виды электронных документов;Прайс-лист;21
0x9968a1f77d426b114490de6e765ab560;Виды электронных документов;Произвольный электронный документ;22
0xabc22a52f051930840a890cbb698775e;Виды электронных документов;Соглашение об изменении стоимости (отправитель);23
0xa47e427397f4bb6944aef04cda956342;Виды электронных документов;Соглашение об изменении стоимости (получатель);24
0x93e436b076cab23d4934708bf1b2c7d8;Виды электронных документов;Счет на оплату;25
0xb5bb955016138632472ca3059b40acec;Виды электронных документов;Счет-фактура;26
0xb2bcfb023652f57149869c9ec92d858f;Виды электронных документов;ТОРГ-12 (CommerceML);27
0xa28976e6fad1ebcf4d3c943f85e4adb1;Виды электронных документов;ТОРГ-12 (титул покупателя);28
0xa85a586bc098a20f4a4f239bdc4b5af1;Виды электронных документов;ТОРГ-12 (титул продавца);29
0x8fa8baaf0c8df3e24d12d1c93c43ade1;Виды электронных документов;Уведомление об уточнении;30
0x8b55a8d62d10fcc24f953d0248b86d79;Виды электронных документов;Предложение об аннулировании;31
0xb46125e7280123fb4da2679711447867;Входящее исходящее событие;Входящее;0
0x85b78b7ead1401934a3f8e30ffe8f1e9;Входящее исходящее событие;Исходящее;1
0x9b10693689dccccc4a8e75db03959e41;Выгрузка документов заказ покупателя счет на оплату покупателю;Не выгружать;0
0xba84e0b815abfa8446d87348dcdc5149;Выгрузка документов заказ покупателя счет на оплату покупателю;Заказ покупателя;1
0x93183c3a8c07554b447a3df4e30e34f3;Выгрузка документов заказ покупателя счет на оплату покупателю;Счет на оплату покупателю;2
0x838672a43f8bf6ac47294e9db29d47d6;НДС в стоимости товаров;Не изменять;0
0x978f17a94b6cd68d488a7801d3b8ff4a;НДС в стоимости товаров;Включить;1
0xa2193689643f410b46b2aeb1681fe9fe;НДС в стоимости товаров;Исключить;2
0xbe213c75a468c8a34d8dd72c3cc467be;Действие при обмене;Загрузка данных;0
0x8723f597c7112180449b2538df23b7c7;Действие при обмене;Отложенные движения;1
0x94ab8f7f41a7c3fa483ed50af735f908;Действие при обмене;Выгрузка данных;2
0xbeaa974645813af7454c2d2d7262eb4d;Действия при обмене;Загрузка данных;0
0xb78cf81a341f1bff43e2eeb145fa9f17;Действия при обмене;Выгрузка данных;1
0x9bdb3c67369835894f762261b347e774;Действия при сохранении с ЭП;Сохранять все подписи;0
0x8c7c55d632d3cf6c49a81243be7e2715;Действия при сохранении с ЭП;Спрашивать;1
0xb2cffadceb8044564f3d2f8a02249ba4;Детализация планирования;Номенклатура;0
0x91a438c707a0c9714ad58b869cc3aae3;Детализация планирования;Номенклатурные группы;1
0x8d3b24ca742b0efe4b4dedd822cc8b70;Дни недели;Понедельник;0
0x96c5b7c2a856ce6b412376f799f841ba;Дни недели;Вторник;1
0x8f46e25f885d76614a40b99026fe26a0;Дни недели;Среда;2
0xa1816d58c4c84e8d4cf9973cff5f1d2f;Дни недели;Четверг;3
0xa3c2981e4590a788464bb5c5852f1c7a;Дни недели;Пятница;4
0xa3d0da1a0673ace8424e41dc06ed5fdb;Дни недели;Суббота;5
0x85d30f601f050edf4047ebc8ed497344;Дни недели;Воскресенье;6
0xb6286b5d8afe52f2431249cbb40604c3;Дополнительная колонка печатных форм документов;Не выводить;0
0x9b82a1ad5fa374364286e16577aa36be;Дополнительная колонка печатных форм документов;Артикул;1
0xa137fb02accff49340f2aaed4aed3f6a;Дополнительная колонка печатных форм документов;Код;2
0x9ca8e87057d6d82c49aa037b2751a509;Доступные периоды отчета;День;0
0xa6e3406b0d9df0cf4284eb6a35f62549;Доступные периоды отчета;Неделя;1
0xbdd56f0dbd884e9747a57a46cee94c04;Доступные периоды отчета;Декада;2
0x983f33d84bdcbbd441d3ee76fd66995b;Доступные периоды отчета;Месяц;3
0x85914c219eb92f2c4ad2b34e73e97918;Доступные периоды отчета;Квартал;4
0x9579c2ec574ef32448f835d0445cf7eb;Доступные периоды отчета;Полугодие;5
0x96d5ccbedaca46194c7bafd21025657e;Доступные периоды отчета;Год;6
0xbee0b3d3a7e5db354d80b2fa64839c78;Доступные периоды отчета;Произвольный;7
0xb98a7e9189dfc40b42bcc87cc5bf079b;Занятость;Свободно;0
0xba0350451ef2b0ca42419b80e35d594d;Занятость;Занято;1
0xbc4fce1761bd7adb4bf2135551424fa1;Занятость;Недоступно;2
0x85ec275ad633ef044014b210ed65d504;Источники правил для обмена данными;Макет конфигурации;0
0x8e6932393479ff364b1a273edc31edb1;Источники правил для обмена данными;Файл;1
0xbe3798a6492fe39e40d4b6fd095f084e;Коды операций партии товаров;Возврат от комиссионера;0
0x855bfcefd50dda4a46fa82675fdbe66d;Коды операций партии товаров;Возврат от покупателя;1
0x8980d8a08e51d7514a19f0c0d5d9c206;Коды операций партии товаров;Возврат поставщику;2
0xa11b84b660a47ba54a786e3cf17c0bdb;Коды операций партии товаров;Возврат тары от контрагента;3
0x916fdbfcb54cf69645b5fb12f1972533;Коды операций партии товаров;Комплектация;4
0x9a933a32e22e73f54b8be83d31d3907b;Коды операций партии товаров;Корректировка качества;5
0xbc2bf5e5c5e732074a51f8c427aa2d54;Коды операций партии товаров;Корректировка серий и характеристик;6
0xbde0ee02791e737f4454024431cd0966;Коды операций партии товаров;Оприходование;7
0xae30c22552470e364a4d3bf431461e4e;Коды операций партии товаров;Передача на комиссию;8
0x9be91684dd1a80a74e9668052d47c50c;Коды операций партии товаров;Передача тары контрагенту;9
0x85250e4992fae3ac418ba9d18730d950;Коды операций партии товаров;Перемещение между складами;10
0xa7d8cf6ae6886345486febbab5df51d1;Коды операций партии товаров;Переоценка в рознице;11
0xaf609d9ee03d452445801ebab7d23ccd;Коды операций партии товаров;Переоценка принятых на комиссию;12
0x8d9cc41d8cbb9c6b4cb194fee8ddaa44;Коды операций партии товаров;Поступление;13
0xb41fa2df7ed8d9444d8c24a55b1ad9eb;Коды операций партии товаров;Поступление доп. расходов;14
0x8f642aade700972841c47ebd917304fb;Коды операций партии товаров;Поступление на комиссию;15
0xb0c6b663623063af41cb20fbf75ebf4a;Коды операций партии товаров;Поступление по ордеру;16
0xbd0caf2d5369cabf40799fe444718dd5;Коды операций партии товаров;Реализация;17
0xb4dd9a753e4ed01d42b52a5db0ee6fcd;Коды операций партии товаров;Реализация комиссионером;18
0xa92e12cd1f60802f449b040a41547eab;Коды операций партии товаров;Реализация в розницу;19
0xa3d9b5c7233b8a694ef7968ebe838fdf;Коды операций партии товаров;Резервирование под заказ;20
0xac781b7c5a9384db4b9590ce8c56c88e;Коды операций партии товаров;Снятие резерва под заказ;21
0xafd18d96f5ec9aee4fbbbe42cb501501;Коды операций партии товаров;Списание на затраты;22
0xa71f95c1cd9819324cdb57fa45325ba1;Коды операций партии товаров;Списание по инвентаризации;23
0xaee093354b0fa6964001bbdd6e06bae3;Коды операций партии товаров;Списание по ордеру;24
0xb51fae9690e473ad461c9c805e57d982;Коды операций партии товаров;Отложенная отгрузка;25
0x958ce76ef9b27e234ce7ecec9cca3ae6;Коды операций партии товаров;Возврат от покупателя (текущий месяц);26
0xa047fee2e4c2ffd54360e57064b69e7d;Контексты работы с электронными документами;на клиенте;0
0xb65f2b839ee5bef140c5b7a5dbdbda6d;Контексты работы с электронными документами;на сервере;1
0x823f598b1c4ec2fd44f5f6382dcbed64;Моменты определения налоговой базы НДС;По отгрузке;0
0xaa08459e6d0f9b604ce1b91f205a0959;Моменты определения налоговой базы НДС;По оплате;1
0xa65b6535f3a768a248945fb1abef7262;Направления ЭД;Входящий;0
0x8c3084903fbe1bb04826bf9003ddc270;Направления ЭД;Между организациями;1
0xbbc673c07b6c6ec342bf9020b68175ec;Направления ЭД;Исходящий;2
0xb6a79d33357b2fc24ef7ab9b3a2ffdcf;НДС вид начисления;Реализация с НДС;0
0xa233d291b6f344604315dcdb71d03e82;НДС вид начисления;Реализация ЕНВД;1
0xafe2df4d890e348844e24e4b1fabbb44;НДС вид начисления;Реализация без НДС;2
0xbcaef1748db249a74fce1d8e5b87c7d4;НДС вид начисления;Реализация со ставкой 0%;3
0xb57b0ee61acc54b04f2af4a9587eef14;НДС вид начисления;НДС с авансов;4
0xaaf362117c370f754d090c65d75124fe;НДС вид начисления;НДС начислен к уплате;5
0x8e9ff61eea6e93ee45d41ff592710146;НДС вид начисления;НДС восстановлен;6
0xb30d907b5df2f76e4ef2d8aae1afbb63;Режим учета распределенных оплат;не может быть принят к вычету;0
0xaa173a63ab94fd31426b01f1ba113ba0;Режим учета распределенных оплат;может быть принят к вычету;1
0xb6da100dd373eefa4596e3076d06365d;НДС состояния по реализации 0%;Ожидается подтверждение 0%;0
0xbd2d379ea11f2b1b42fed630d3a12ece;НДС состояния по реализации 0%;Подтверждена реализация 0%;1
0x833254ebd308c01f4839ae32afd56132;НДС состояния по реализации 0%;Не подтверждена реализация 0%;2
0xa5af0349685773b84a626d362ec66108;НДС Способ отражения в бухгалтерском учете при включении в стоимость;Включать в стоимость или списывать на расходы в соответствии со ст.170 НК РФ;0
0xb260ceec63ae86d245d4ec0ce9e65e3b;НДС Способ отражения в бухгалтерском учете при включении в стоимость;Всегда включать в стоимость;1
0x993410367cd50d7542544e7fff218dfb;НДС Способ отражения в бухгалтерском учете при включении в стоимость;Всегда списывать на расходы;2
0xb513fb1881b0b4d548ec953f860d847c;Области данных объектов доступа;Контрагенты (список);0
0x857fbc1a3db306ec4f8e9371b569a05c;Обязательность заполнения ответа на вопрос;Не обязателен к заполнению;0
0xb536ad369bb463af40b8fd0d4e620ac6;Обязательность заполнения ответа на вопрос;Обязателен к заполнению;1
0x875ef6d400b4ac5f40be79cb08a3e1f2;Обязательность заполнения ответа на вопрос;Условно обязателен к заполнению;2
0xa5649d88e20a7c41412fd19155399107;Обязательность заполнения ответа на вопрос;Условно не заполнять;3
0x9e474ddbc59a62b7465640c4005f54e9;Ожидаемое действие ЭД;Не требуется;0
0x96418e015bea6fdc478c9da8cfda35b5;Ожидаемое действие ЭД;Отправить;1
0xbeec63952782179b4bbab61b00c64f1e;Ожидаемое действие ЭД;Подписать;2
0xbf59ed21afc798344257c718ee7733e1;Ожидаемое действие ЭД;Сформировать;3
0x840c3e509f1f4f304a03a9146a683f04;Ожидаемое действие ЭД;Утвердить;4
0x92b794270ae7d65c4d6283dd95e6f7c5;Ожидаемое действие ЭД;Принять аннулирвоание;5
0xa7df93e4302d373d47bcb55258625aeb;Ожидаемое действие ЭД;Утвердить и отправить;6
0x92f273a8b154c4764890161232ed69da;Ожидаемое действие ЭД;Подписать и отправить;7
0xa166cedfe5ffea564afc45edc23a7971;Ожидаемое действие ЭД;Открыть соглашение;8
0x8fc54478c4bf1b8d484e056556cf7ee3;Ответственные лица организации;Руководитель;0
0xb6e8852b7df0cdfa4227d07b37b5708b;Ответственные лица организации;Главный бухгалтер;1
0x9a24b825d4566ff34d7f1792a4d313e3;Ответственные лица организации;Кассир;2
0x840617db142b6ab6478f8efb2804bc01;Отнесение расходов к деятельности, облагаемой ЕНВД;Расходы относятся к деятельности, не облагаемой ЕНВД;0
0xb3a23134dff322e34cddb66986009ae3;Отнесение расходов к деятельности, облагаемой ЕНВД;Расходы относятся к деятельности, облагаемой ЕНВД;1
0xabcfff44d9639e944d195f9fed4084b1;Отнесение расходов к деятельности, облагаемой ЕНВД;Расходы распределяются;2
0xb3c4ccb50fc80b504b65f8c4aee3fc03;Параметры ABC Классификации покупателей;Сумма выручки;0
0xa9cfd98448108ef541e6bb6630ffe18d;Параметры ABC Классификации покупателей;Сумма валовой прибыли;1
0xb540f5690cbb8b114f593f621d7d3c8d;Параметры распределения покупателей по стадиям взаимоотношений;Сумма выручки;0
0xb449d4a8e462d88b45e67d5e5326a873;Параметры распределения покупателей по стадиям взаимоотношений;Сумма валовой прибыли;1
0x9c52ed891db3e97747d26695de0d518e;Параметры распределения покупателей по стадиям взаимоотношений;Количество продаж;2
0x9c382fd3d113598c43842036ff7fe71b;Параметры распределения покупателей по стадиям взаимоотношений;Количество проданных товаров;3
0x8b792292ce2af9ab4c9c7bc1bb15475c;Параметры распределения покупателей по стадиям взаимоотношений;Интервалы между расходными документами;4
0xb4b76a76000acff3452e52850571dd2c;Периодичность;День;0
0x853d585eaf456f8f4a590c42bb12b7d3;Периодичность;Неделя;1
0x8c420f55957220724e75a2f48c4e1b6b;Периодичность;Декада;2
0x9f4ea0b4f766174142528761bfc49763;Периодичность;Месяц;3
0x91ad3a3b2d6ac35d4453329851c797f5;Периодичность;Квартал;4
0x8edefe552ffc8ad14f02a3674f31faac;Периодичность;Полугодие;5
0xb5b38e9ddb24aca141f74893688fbe8c;Периодичность;Год;6
0x87cebd385a38e2a748d7030445e5e7b5;Периодичность накопления скидок;Месяц;0
0x96c62cc8788410434ff0b2772f74c607;Периодичность накопления скидок;Квартал;1
0x8b787990242a72f1428399e24fcda70e;Периодичность накопления скидок;Полугодие;2
0xb64c36406fe908a3482ea976c861442f;Периодичность накопления скидок;Год;3
0x96058cf6cc3c0a0d4b81c6ad2cbc1de6;Периодичность накопления скидок;В течение всего периода;4
0xba15a2414ec26ed74ce39011b24aa2de;Пол физических Лиц;Мужской;0
0xb10daa02f571d2834ebc7d0596a25c7e;Пол физических Лиц;Женский;1
0x951e1602a377a1e54d0249309f7c27bb;Порядки округления;0.01;0
0x94a132bee747e3244faa8d41249e1b72;Порядки округления;0.05;1
0xa757f51d090e76f64edad49611216be0;Порядки округления;0.1;2
0xb99e3d03e12581b54a23bb64c0ff147c;Порядки округления;0.5;3
0xbc23436ae365018c4ed9db41321256c6;Порядки округления;1;4
0xb527d3ca0180bb0d49216bcd47a4ce14;Порядки округления;5;5
0x9d42f6848030f23143c7d7a13ae8b485;Порядки округления;10;6
0x9d3a65a1e2a6dba043f90a9f52162740;Порядки округления;50;7
0x947586cf43049103450f4fb3c530d69a;Порядки округления;100;8
0x9f5a52c8a67a93df44e8ae7f66d8173e;Порядки округления;0.001;9
0xbc046c415f67d1d14d87c735a17b7369;Порядок признания расходов по НДС;По оплате поставщику;0
0x8ca8d13761ee02284dc1a2f0aa2acf7d;Порядок признания расходов по НДС;Включать в стоимость;1
0xa8bbcbdebd42dbdd4f44f59af2034099;Порядок присвоения PLU;По порядку;0
0x8fa4b36b16e5e05742c07f6960320b6a;Порядок присвоения PLU;По коду номенклатуры;1
0xa4c868246a36115d47a0c08d53c5a288;Порядок регистрации счетов-фактур на аванс;Регистрировать счета-фактуры всегда при получении аванса;0
0x811f85351078526d407f0c439b469c97;Порядок регистрации счетов-фактур на аванс;Не регистрировать счета-фактуры на авансы, зачтенные в течение 5-ти календарных дней;1
0x88a841501634e9714e133e727adbd2fc;Порядок регистрации счетов-фактур на аванс;Не регистрировать счета-фактуры на авансы, зачтенные до конца месяца;2
0x89f3b1a30b03efe848a173b5c48ce33e;Порядок регистрации счетов-фактур на аванс;Не регистрировать счета-фактуры на авансы, зачтенные до конца налогового периода;3
0x840be898f1d68ff941b57164dba43798;Порядок регистрации счетов-фактур на аванс;Не регистрировать счета-фактуры на авансы (п.13 ст.167 НК РФ);4
0x8d50cd9f7dc736f84f7c544b49be3bcf;Приоритет объектов обмена;Приоритет объекта обмена ниже;0
0x95bacc0ee29002a444765d3a56e3a70c;Приоритет объектов обмена;Приоритет объекта обмена совпадает;1
0xbbfd9636d686378b436d5b3c983de54b;Приоритет объектов обмена;Приоритет объекта обмена выше;2
0x930623870d8fc04a40d570652ddf344d;Приоритеты объектов обмена;Приоритет объекта обмена ниже;0
0x88b6220b2cad6a7141360a20c630ab2d;Приоритеты объектов обмена;Приоритет объекта обмена совпадает;1
0x956ddc5221104932475cbc5400cd1dea;Приоритеты объектов обмена;Приоритет объекта обмена выше;2
0xbc69872d8e587d4142c9262d8626bb7b;Программы банка;Прямое соединение с сервисом банка;0
0xadba8c807128eebc466c5367cbb2afbb;Программы банка;Прямое соединение со СБЕРБАНКом;1
0xb4d22bd2332630054883debb956d0c47;Программы банка;Через дополнительную обработку;2
0xa6fc9245c5fed81b456b0fa0d13a6bee;Расчеты возврат;Расчеты;0
0xaf8b8d0b82eb3f864cf1daa48023e96e;Расчеты возврат;Возврат;1
0xa5d40c782bf43bd64c8d66e4ce819f81;Режим отбора документов;По реквизитам;0
0x80a05b6d6f741e97476b345eafbd8899;Режим отбора документов;По оборотам;1
0xa9395e90fb682db84acb33524c794d37;Режимы выгрузки объектов обмена;Выгружать всегда;0
0x9e2b789a6fd01e2e481b6ca85f3fea83;Режимы выгрузки объектов обмена;Выгружать по условию;1
0x9c0aa50366d27cbb4dacda9c008f5068;Режимы выгрузки объектов обмена;Выгружать при необходимости;2
0xa43a8d7f26d8f51c4a9eb014b7469cb3;Результат рассмотрения коллизии;Объект заменен на версию объекта обмена;0
0x98a4f345c931578f4ee59d651bba1b35;Результат рассмотрения коллизии;Объект не изменен;1
0x915d2d08c00e74c140525deead974671;Результаты бизнес процесса согласование;Утвердить;0
0xb81b0d238bbf57604e471de74373fd2f;Результаты бизнес процесса согласование;Отклонить;1
0xa688dc7a1f3fa76946dc0fff1ff7130f;Результаты бизнес процесса согласование;Повторное согласование;2
0xb9293fa55ba689944784149044029429;Результаты бизнес процесса согласование;Завершить согласование;3
0x9388bc7a645116174a129cb5474518fe;Результаты выполнения обмена;Выполнено;0
0xb576448721fa46024931b1c964337614;Результаты выполнения обмена;Отменено;1
0xb584cf1261941e1d4ed305941d73b59c;Результаты выполнения обмена;Ошибка;2
0x9e12079e1cc4c0574fa1d5968ff2547f;Результаты выполнения обмена;Ошибка транспорта сообщения;3
0xae88af37b8f1224e4618b9081ab0c8f8;Результаты выполнения обмена;Сообщение обмена было ранее принято;4
0xab1de5e15a6e3a7b487e161dbd3ec5a9;Результаты выполнения обмена;Выполнено с предупреждениями;5
0x8e2fd95cae1bb36844c4abca524bdf58;Сводные состояния электронных документов;Все выполнено;0
0xbe5c0bc9f4b9ce864984e80b28e1a54e;Сводные состояния электронных документов;Действий не требуется;1
0x892524d40a9569e7427d8f99e79bd297;Сводные состояния электронных документов;Пригласить к обмену;2
0xa1893aff358f957f46aa7dc1fdf5c070;Сводные состояния электронных документов;Требуются действия;3
0xba27cfd36b99523b4f67b763b2a8767b;Сводные состояния электронных документов;Отклонен;4
0x98843c5d2a4f93ac4f44d65ad35190cf;События по НДС (покупки);Предъявлен НДС Поставщиком;0
0x9b0ac01795b6a94e4c2a9a20e63e7731;События по НДС (покупки);Уплачен НДС на таможне;1
0x856ab59108d062944ed6b8751ceb25c9;События по НДС (покупки);Получен счет-фактура от поставщика;2
0x8cce02bbe8e1acd0479d5d529c7cd5f5;События по НДС (покупки);НДС оплачен поставщику;3
0x913f17affaea90c647914a03ecde06e0;События по НДС (покупки);Передан НДС на строительство;4
0xb3e1eb403b63ad5245cbdfd64564449b;События по НДС (покупки);ОС введено в эксплуатацию;5
0xaa451c062c86db614bcc999e92b7129e;События по НДС (покупки);НДС включен в стоимость;6
0xb29d3c810c6229a74844171ac9d21162;События по НДС (покупки);Предполагается ставка 0%;7
0x8bf735e11f1bcd1849ebb408f08644fe;События по НДС (покупки);Подтверждена ставка 0%;8
0xbd2de7c32ac54ebd4ec0b671bebfede7;События по НДС (покупки);Не подтверждена ставка 0%;9
0xa1bb54adb7dd22b14281d246cc070855;События по НДС (покупки);Восстановлен НДС;10
0x89b9557e0fbe6b674aa5bf9d955b7581;События по НДС (покупки);Предъявлен НДС к вычету;11
0xacb29137ce8dafd94b8440919afee380;События по НДС (покупки);Предъявлен НДС к вычету 0%;12
0xbbedf67bb595a79349afaa5e970a0271;События по НДС (покупки);Возврат;13
0xba52f9312e9df3fa4da4bdfb863b65a0;События по НДС (продажи);Получен аванс;0
0xba446a75122fde064f1ebf76d4843d7a;События по НДС (продажи);Реализация;1
0xb36f60a793eb39e54cdb700002b6ecde;События по НДС (продажи);НДС начислен к уплате;2
0x83e2352fc3179fff4bf5caaedeb3c84f;События по НДС (продажи);Подтверждена ставка 0%;3
0x9e47cafcc40775794dd80b48c83d5aee;События по НДС (продажи);Не подтверждена ставка 0%;4
0xa3e87dcfb13b95f74470ba7279f51c00;События по НДС (продажи);НДС скорректирован;5
0xbafe2e2842e8a3ad47457260e651033e;События по НДС (продажи);Оплата;6
0xbe91da8810d93d834b0365cfcad19b35;События по НДС (продажи);Возврат;7
0x97de5884cf22316f461221912b351a5c;События по НДС (продажи);Восстановление НДС;8
0xb80e940f65fce48c4a70f90076e8a7d6;Состояние объекта согласования;Согласован;0
0xad6e2578ee9640194a397f25a92efcb0;Состояние объекта согласования;Не согласован;1
0xb62ee0446fdeae1e4cd097508cdb5a34;Состояние объекта согласования;На согласовании;2
0xb5a5e0430970af434be81cff07f3ebdf;Состояния версий электронных документов;Аннулирован;0
0x98fe015afd019a9b4b0cd8b1bb29e942;Состояния версий электронных документов;Закрыт принудительно;1
0x9f40e1f82f1e6d0d4b70d449eee092f7;Состояния версий электронных документов;Требуется подписание извещения;2
0xa1fa1076fb3615204cd83cf468f91e5a;Состояния версий электронных документов;Требуется подписание;3
0xaa33da31a2a34fd74a292bd823f631a5;Состояния версий электронных документов;Требуется утверждение;4
0x872ebdea66941b774fa83370bf02e8fa;Состояния версий электронных документов;Не получен;5
0x9c0a3c6257dcc1ce4a2567a34d038624;Состояния версий электронных документов;Не начат;6
0xa1e5d2899275910d403061decc9b91b8;Состояния версий электронных документов;Завершен;7
0xa3be7065abfc5bc242caa20bc7c686e4;Состояния версий электронных документов;Завершен с исправлением;8
0xa03c33cb5e78d6114edeeccd3e8cf7b6;Состояния версий электронных документов;Ожидается аннулирование;9
0xac99decc9c05e5c64208c3c0ee0f3707;Состояния версий электронных документов;Ожидается извещение;10
0x9a2e268b39c84e48426156536c803153;Состояния версий электронных документов;Ожидается извещение о получении;11
0xb8096c2c4b577fc149993b4c6c91f78d;Состояния версий электронных документов;Ожидается исполнение;12
0xa74ea2d153a8be1d4f64467e90439737;Состояния версий электронных документов;Ожидается корректировка;13
0x9af0e9bacbd41f1b43eb379438f0e68e;Состояния версий электронных документов;Требуется отправка;14
0x875fc7b78d3d3f3a401f2b6dbddc99ef;Состояния версий электронных документов;Ожидается отправка извещения;15
0xa119a6b3247c02cd41ce0d0c88ccbc21;Состояния версий электронных документов;Ожидается подтверждение отправки;16
0x99130427ba2f1a834c9b9d038df5d83b;Состояния версий электронных документов;Ожидается передача оператору;17
0xac134bdbdd6bb3ea49c5f254880db455;Состояния версий электронных документов;Ожидается подтверждение;18
0xb288720c63f15d714df847250ad23277;Состояния версий электронных документов;Ожидается подтверждение оператора;19
0xb25bc8d90ead60964799023171fe3ccd;Состояния версий электронных документов;Закрыт с отклонением;20
0x982873325094f4dd452ed163fd39e0d6;Состояния версий электронных документов;Требуется исправление;21
0x8ce3052a7a7a8737464036b843f2a01d;Состояния версий электронных документов;Платеж исполнен;22
0xb7c39c0fc969d0804fd743a37b76c14c;Состояния версий электронных документов;Требуется аннулирование;23
0xae46344e6a51eb754bb66e12b97293f9;Состояния версий электронных документов;Требуется уточнение;24
0x80be39ad445cb3d44e400d556a794225;Состояния версий электронных документов;Требуется подтверждение;25
0x81c99b948564443c44617773914d9c8c;Состояния контрагента БЭД;Подключен;0
0x847293264d5014e74281fb47f2292aaa;Состояния контрагента БЭД;Не подключен;1
0xb6a398503b80f2dd4ca720384585e1ff;Состояния контрагента БЭД;Настроен ЭДО;2
0x87cf934b245b672c4250c06c5cb57e09;Состояния объектов;Подготовлен;0
0xa3834eaf265a2dba4a1c4ff9759a5178;Состояния объектов;Утвержден;1
0xbcd5bf50c3d656684c0d1f6c09f50cb1;Состояния объектов;Отложен;2
0x8041751930c276214ecf5c232d7b6578;Состояния объектов;Отклонен;3
0x9b11aca4235e817f44dc7a3105b45884;Состояния потомков электронных писем;Ответ сохранен;0
0x827cf6b6fc7fe4a94c40b44ef4904de8;Состояния потомков электронных писем;Ответ отправлен;1
0x973032df654928884b6c017ce0221646;Состояния потомков электронных писем;Переадресация сохранена;2
0xb5a1aae7061f1b5847b6b272e20d042e;Состояния потомков электронных писем;Переадресация отправлена;3
0xb1c7d1eb4444752d494c1b38b4b93824;Состояния событий;Запланировано;0
0xa27763835ec70fe24cd885281c5b5ea3;Состояния событий;Завершено;1
0x9f562bc61a84d0a543d694fc40522aff;Состояния событий;Отменено;2
0xa04772f2a0af8a1f4a112e44d184530c;Состояния соглашений ЭД;Действует;0
0xac7788068dac29424d9269a819b40538;Состояния соглашений ЭД;Действие прекращено;1
0x8631bb864b5f70684e5c826ea4c5b9c9;Состояния соглашений ЭД;Ожидается согласование;2
0x882b6844b15658c44855fcc898e94124;Состояния соглашений ЭД;Проверка технической совместимости;3
0x93c2f101264fa95545f232c11f84945b;Состояния соглашений ЭД;На юрид. согласовании;4
0xab474a9be708d0e7486a1e9afca7d3bc;Способ отправки электронного документа;Обмен через сервер 1С:Сеть;0
0x9afef68fd59c6da54d2377c6a6b835e8;Способ отправки электронного документа;Обмен через общий каталог;1
0xbd29674ccc2494464f6c81cee6482ccc;Способ расчета суммы документа;С учетом всех скидок;0
0x9103993723fc3eb34c09bd70ee4783b4;Способ расчета суммы документа;Без учета ручной скидки;1
0x85cb8260327da1e34e311d179f5cb90c;Способ расчета суммы документа;Без учета скидок;2
0x881082e06cbb48de437ac8cad3211832;Способы POP3 аутентификации;APOP;0
0x9b67914e451f8a3a419610148131d701;Способы POP3 аутентификации;Cram MD5;1
0xae9a5061a88ed6724e74c6602b102933;Способы POP3 аутентификации;Обычная;2
0xb13507ab522e3eab475056bd3ac81c80;Способы SMTP аутентификации;Cram MD5;0
0xbcc3d0b86ad63a42446fc7d55657872f;Способы SMTP аутентификации;Login;1
0x989f3f2b662ae830469f67e2d5214cb9;Способы SMTP аутентификации;Plain;2
0x8cb2b88293d07b554dd64f2b69679e88;Способы SMTP аутентификации;Без аутентификации;3
0x864949bdf62122554854997268679208;Способы SMTP аутентификации;По умолчанию;4
0x83ca863cd086cc6d4418a2d4f2542fc2;Способ заполнения цен;По ценам номенклатуры;0
0xba210dd3447244b444f53d8e47a6e7d0;Способ заполнения цен;По ценам номенклатуры контрагентов;1
0x8786098966a881e14df24c72e59d1f5a;Способ заполнения цен;По номенклатуре и ценам контрагентов;2
0x80107684974cb30f4400c08b61b9b36b;Способ заполнения цен;По розничным ценам;3
0x8e53e5b6b8e7d60d4b48bba7216d83e4;Способ заполнения цен;По продажным ценам;4
0x8e96e9d0f3d8bcc9499b5981fb9df0cc;Способы использования накопительных скидок;Скидки накапливаются по дисконтной карте;0
0xa7393709b237a5914971047f88001e0e;Способы использования накопительных скидок;Скидки накапливаются по владельцу дисконтной карты;1
0x95b922a5671ccb3143cb02a67059a823;Способы контроля дней задолженности;По календарным дням;0
0x88fc0e758ff9c1c34b6a5045543ae558;Способы контроля дней задолженности;По рабочим дням;1
0x9abc3dd611ba705f41637777a081b18d;Способы обмена электронными документами;Через каталог;0
0x87341c6e91f15dd64bfa5b225c57ab5f;Способы обмена электронными документами;Через оператора ЭДО (Такском);1
0xad1597e0a1efaac84e41f6883bf22ae8;Способы обмена электронными документами;Через электронную почту;2
0x946fe1e6b277753b41d69c81e5a0f9c7;Способы обмена электронными документами;Через веб-ресурс банка;3
0x8ba5d2b5555077eb4f8274711d9ebeb0;Способы обмена электронными документами;Через FTP;4
0x8d96156ab27b6c484986cf2d819f20b2;Способы обмена электронными документами;Быстрый обмен;5
0xbf740166a93d024b4966b63dbcf040e7;Способы обмена электронными документами;Через сервис 1С-ЭДО;6
0xa3005b3138da60ac4ef3f87f96515c86;Способы определения времени проведения платежного документа;По времени регистрации документа;0
0xa2b0c106d15c10f2463544c70ea7bd7c;Способы определения времени проведения платежного документа;По концу дня регистрации документа;1
0x868fbd9dcd34c59048fb150f7242ad3c;Способы определения значения точки заказа;Фиксированная;0
0x81afabb51ce904df45f08219e7c2fc36;Способы определения значения точки заказа;Средний размер партии;1
0xad93b184bb9dd65949b12ad97c95b3f9;Способы определения значения точки заказа;Оптимальный размер заказа;2
0x82d229d573e5dbc349c79563ea63986d;Способы определения значения точки заказа;Не контролировать;3
0xb91a2ae9b8552bf04d86a0f8e61a8360;Способы открытия файла на просмотр;Стандартным приложением;0
0x8f468f8cc3cc8cef482b632c1e77e873;Способы открытия файла на просмотр;Во встроенном редакторе;1
0x970f785c2b5cc4d24d85bb2f42321314;Способы оценки;По средней;0
0x8f86ff7480aba5d9486c2c9b2e56e4f3;Способы оценки;ФИФО;1
0x821d7fefb18bb7b64e531cbcae7ce199;Способы оценки;ЛИФО;2
0x98aea6ab063f943243973141c3de4856;Способы распределения доп расходов;По сумме;0
0x89ca3e74804315eb4c948e44ed2a46aa;Способы распределения доп расходов;По количеству;1
0xb4bd45ca911f7f884a52b23912eb8d49;Способы распределения доп расходов;По весу;2
0xa9f0fe86c974fce1411a62066d76ed20;Способы расчета комиссионного вознаграждения;Не рассчитывается;0
0x93e7c8ab4e0b245e4f88baac4034a32a;Способы расчета комиссионного вознаграждения;Процент от разности сумм продажи и поступления;1
0x88e552a84ceb3b79482a3f67da70ee40;Способы расчета комиссионного вознаграждения;Процент от суммы продажи;2
0xa9e1f4826c60235949c3db44494ff18e;Способы расчета цены;По процентной наценке на базовый тип;0
0xa0103e34d3bb4bb04ff4fca5d503bc4d;Способы расчета цены;По вхождению базовой цены в диапазон;1
0xa8f7535334e5619947ec04102d2de30d;Способы списания остатка товаров;Со склада;0
0x95443ec3400a9deb45a789fa0f6cfe69;Способы списания остатка товаров;Из резерва;1
0x9f39c59cbb0c15c24481da955afbac59;ABC Классификация;A - класс;0
0xa9d6aa2be117964745963391beb59983;ABC Классификация;B - класс;1
0x9c1a880e8c593d864a8f7ad6e21ee529;ABC Классификация;C - класс;2
0x8c9ff63be46bc78542ddfaba74856e35;Стадии взаимоотношений с покупателями;Потенциальный покупатель;0
0xaae3a6971c50e30a43543a4d642ab866;Стадии взаимоотношений с покупателями;Разовый покупатель;1
0xbee75d5e2ecdaea64e8934bf19cbbbd0;Стадии взаимоотношений с покупателями;Постоянный покупатель;2
0x9386cdb2e9dd36034cafa17a59b9989c;Стадии взаимоотношений с покупателями;Потерянный покупатель;3
0x93b70e6da2bd78934f84128696661303;Статусы извлечения текста файлов;Не извлечен;0
0x92cbe0d8e605bf6646dc36e668076431;Статусы извлечения текста файлов;Извлечен;1
0x9918c2e14063c76d4e5c6572239fa55a;Статусы извлечения текста файлов;Извлечь не удалось;2
0x916e2bf4ad5224634382541cea8d01d0;Статусы контрагентов;Покупатель;0
0xa07ac26976fc354b46f054c4776649d0;Статусы контрагентов;Поставщик;1
0xaea2611e0d4b792344f609231549f52b;Статусы контрагентов;Прочее;2
0xa56d1a7bb1e086a84955f14a6b60f6eb;Статусы обработки ТТН ЕГАИС;Обрабатывается;0
0xa704611222bc20424225bf85360e79c7;Статусы обработки ТТН ЕГАИС;Передан ответ в ЕГАИС;1
0x873d2b57d2dc8eec4d0aa247efee167c;Статусы обработки ТТН ЕГАИС;Передан отказ в ЕГАИС;2
0xbb76ef216d1bd31c43dc7e2794d9c818;Статусы пакетов электронных документов;Доставлен;0
0x9626df5ca49da9374c78b1255e18a999;Статусы пакетов электронных документов;К распаковке;1
0x867f46afb79c616f401baf11db5a2c5f;Статусы пакетов электронных документов;Отменен (без обработки);2
0xad2645e881109ee643483332f6fe8b06;Статусы пакетов электронных документов;Отправлен;3
0xac83dcae1bfa83bb4130a13cfbb0dd2b;Статусы пакетов электронных документов;Подготовлен к отправке;4
0x9a29c9c37b71d441441b7dca5adbefc5;Статусы пакетов электронных документов;Распакован;5
0x9935aca24b4d9c4048e2c864c4e25f22;Статусы пакетов электронных документов;Распакован, документы не обработаны;6
0xafae95cef53ec0f14d10b8132e803798;Статусы пакетов электронных документов;Неизвестный;7
0x8f435a1228bdacd2403f1434b4850fc4;Статусы партий товаров;Купленный;0
0xb8e90acdab58402843dd43a2ef6ff64a;Статусы партий товаров;На комиссию;1
0xb62100583826eaef4af0f8333498fd03;Статусы партий товаров;Возвратная тара;2
0x974183e5a661ee844981a81e806cf09d;Статусы партий товаров;По ордеру;3
0xa15610fbc27e171049e390521aa37f84;Статусы партий товаров;Возвратная тара отложенная отгрузка;4
0x8aae311297d44052445b27057e71daee;Статусы партий товаров;Купленный отложенная отгрузка;5
0xa5a1c8268f62a15c45d8fe4a5e59ddb2;Статусы писем;Полученное;0
0x8a1ca862be808099460acf722aa8eac3;Статусы писем;Отправленное;1
0x952dd6c974d97f8c4475f5d3a9a2e199;Статусы писем;Исходящее;2
0xb79fc6192817a8f54bc893bd28264933;Статусы писем;Сохраненное;3
0x9ef628283f6e7bb04c36b9a31a9e66f8;Статусы получения/передачи товаров;На комиссию;0
0xafe23c069c5bf9fb4152e8cc6b3a7bc9;Статусы получения/передачи товаров;Возвратная тара;1
0x96e065bfbfdc8af541c5fdfc392e3a4f;Статусы соглашений ЭД;Действует;0
0x824e6f5f01c0e6cf4896a2799f210ed8;Статусы соглашений ЭД;Закрыто;1
0xa6b70d5d2476ec3b4e5b312d7309d3f3;Статусы соглашений ЭД;Не согласовано;2
0x97c33cf140198e864d06cf019479fb61;Статусы участников обмена ЭД;Требуется пригласить;0
0x8d168b9f4fd900c54a9af2a180a9f9da;Статусы участников обмена ЭД;Требуется отсоединить;1
0xb9013075bc9bf5f1475bb9e128cfcff1;Статусы участников обмена ЭД;Присоединен;2
0x9e52178dccde768e486ba884e65b05bc;Статусы участников обмена ЭД;Отсоединен;3
0xa50ace59c03bf2584a922da65412cfd0;Статусы участников обмена ЭД;Ожидаем согласия;4
0xabc1fa9f7f3224d04b8a12f018bb61f9;Статусы участников обмена ЭД;Требуется согласие;5
0x8d0ca53b8bf5ad704a11088075178123;Статусы участников обмена ЭД;Ошибка;6
0xbf821b8b0decb42e4a5405a827ec4941;Статусы ЭД;Аннулирован;0
0x91f81090e4d7fb2141de6629326355e2;Статусы ЭД;Доставлен получателю;1
0x928f3da4221d22fc45438430c38dd1ac;Статусы ЭД;Доставлено подтверждение;2
0x8cab5f3dc47e4a324af2ffa330148dd6;Статусы ЭД;Исполнен;3
0xbd6330d411ba627044d5587d25d10dc8;Статусы ЭД;<Не получен>;4
0xabbc3fe882ca13ca4c2966c825d098b8;Статусы ЭД;<Не сформирован>;5
0xbafaa6d4a0746e11478c30b0611be8d5;Статусы ЭД;Отклонен;6
0xb86d9b3af3cf9c7b4e4b7c5b5e580a13;Статусы ЭД;Обработан;7
0x8af6576e64465d644d886a976348931c;Статусы ЭД;Отклонен банком;8
0xac6abd75baba66044b91c3ce63e5ac95;Статусы ЭД;Отклонен получателем;9
0x8c932aec2ea5731e44a628eb489fc3f5;Статусы ЭД;Отправлен получателю;10
0xb0c032a5586661724b3062930af9b77c;Статусы ЭД;Отправлено извещение;11
0x8ae138f99578158142ac6db88147fa1c;Статусы ЭД;Отправлено подтверждение;12
0xbb399a2b50fc30ff434a889d0916ad18;Статусы ЭД;Отправлено уведомление об уточнении;13
0xb60e63771d7f03614983e3bf00383b7c;Статусы ЭД;Ошибка передачи;14
0xaa8dae1715af27e9499383c45bec394a;Статусы ЭД;Отправлено предложение об аннулировании;15
0xbcebd3a0913f56944572b5547faa574f;Статусы ЭД;Отправлен оператору ЭДО;16
0x8bf1a61c1f496d954dcdf5d4074b0ca7;Статусы ЭД;Подготовлен к отправке;17
0x9bfd22fc9082e715441891db82a4ff8c;Статусы ЭД;Подготовлено извещение;18
0x913c93a0630ae5fe4893fcfbeb06bef6;Статусы ЭД;Подготовлено подтверждение;19
0xa0b87dbc6d5d943f43f79bd548e21a20;Статусы ЭД;Подписан;20
0xa51dabf224429fc64dff53fc81787b50;Статусы ЭД;Полностью подписан;21
0x8849a782017f09b94422bba6e34f64af;Статусы ЭД;Получен;22
0x8ab0dd74ca0becf24e33e4fdd1bf037c;Статусы ЭД;Получено извещение;23
0xb6cf6ac6bd18be61418b1d9af3e38db6;Статусы ЭД;Получено подтверждение;24
0xae3494c5eb684eb942faf5700f25159c;Статусы ЭД;Получено подтверждение оператора;25
0x9261f50356d18fe7487995cec3834b3b;Статусы ЭД;Получено уведомление об уточнении;26
0x83c8e27ec24ee5c54bd9619f126ace06;Статусы ЭД;Сформирован;27
0xb8b380fc9740267846ac6ed9217c120e;Статусы ЭД;Утвержден;28
0x82a8f911c199c51f4bb9564067097ba7;Статусы ЭД;Получено предложение об аннулировании;29
0xa2b7f46a110275124bb5950161811fe4;Статусы ЭД;Частично подписан;30
0xb6f104247e84e8ff40efe56c96c5f7cb;Статусы ЭД;Картотека 2;31
0xb5204ea62316c98140797be787af444e;Статусы ЭД;Принят;32
0xa81518d8949e2f9f48fd84e8574f0f27;Статусы ЭД;ЭП не верна;33
0x81a03354523389eb42a9452437c1bc4c;Статусы ЭД;Сформировано предложение об аннулировании;34
0xa757e3aa2edf17d446ba48948a7c1235;Статусы ЭД;Ошибка реквизитов;35
0xba035b313078f90d46d8f335658f8eeb;Статусы ЭД;Отказан АБС;36
0x9e93752b4468fb90444b8201134c4337;Статусы ЭД;Приостановлен;37
0xab37f1c443f522ad47ba00d9d2544aeb;Статусы ЭД;(не используется) Не отправлен;38
0x8f11ce7f34599f51470f903d7b88ef98;Стратегии авторезервирования номенклатуры;Сначала на складах потом в заказах поставщикам;0
0x895cc6acbf69c27a452e5edc4839d7e6;Стратегии авторезервирования номенклатуры;Сначала в заказах поставщикам потом на складах;1
0x9b9fbe7a819f4b3e475bc451c6dfabe3;Стратегия редактирования номеров объектов;Недоступно;0
0xb4d0d94cb3a000a44ebd777691b1ec0b;Стратегия редактирования номеров объектов;Доступно;1
0xbc0185c85e97700349be3afa61307952;Стратегии списания партий товаров по статусам;Сначала принятые потом собственные;0
0xa26f7cd85c9f294c41dd8e8d8fd6873c;Стратегии списания партий товаров по статусам;Сначала собственные потом принятые;1
0xb7dca03b5cbdb9fe4a6b855ba148f61c;Тип очереди для обработки электронных сообщений;Основная очередь;0
0x958f83aa9c3ccb67433405e17064e88b;Тип очереди для обработки электронных сообщений;Тестовая очередь;1
0x9f5f75c5343501a347f97a818b06760a;Тип очереди для обработки электронных сообщений;Все очереди;2
0x9dea455019101b7a477b91983eb06f3e;Типы автоматического обмена данными;Обмен через файловый ресурс;0
0x902a2b3f963b8e2b41ed28a5b71edcc3;Типы автоматического обмена данными;Обмен через FTP ресурс;1
0xa99d180cb5feeede42f1a14911c2165c;Типы автоматического обмена данными;Обмен электронными сообщениями;2
0xb23439c356d0fe6e40e8dca5ad89460e;Типы автоматического обмена данными;Обмен через подключение к информационной базе;3
0xb8a816145f6a97214d90ca8091791e56;Типы данных кэша программных интерфейсов;Описание web-сервиса;0
0xb5dd24eda81621514edb5ac9b242c6a2;Типы данных кэша программных интерфейсов;Версии интерфейса;1
0x858afa6f5fe80fd744000810c8121486;Типы домов;дом;0
0x91f91e9708d7358442aa8ad3c641371b;Типы домов;владение;1
0xbee10322bea354f94f6b3b6472506334;Типы информационных карт;Дисконтная;0
0x8106d998f045ae994d0d10f3be1a9314;Типы информационных карт;Регистрационная;1
0xb915069d341023e4497d93b17b3f0be1;Типы квартир;кв.;0
0x960233716bf5c60c4ecbdacb31e12149;Типы квартир;оф.;1
0x8072ad8b2eee9d4a441e3880854de865;Типы контактной информации;Адрес;0
0x9dc021b9a769d068412219b9ba9f619c;Типы контактной информации;Телефон;1
0xbd7b6a0cb89d1e414b385b3fdc619632;Типы контактной информации;E-Mail;2
0x9ae14998370751134f8a13bae9b38d29;Типы контактной информации;Веб-страница;3
0xa9c137317f1126f84e25be2877e8e4e2;Типы контактной информации;Другое;4
0x890dca32bcde1d4b46b4d47a7b42ed02;Типы корпусов;корпус;0
0x8b9d1f8cdd8944754e694468b5cb9c2d;Типы корпусов;строение;1
0x8c0e0a1c1ddeeddd459d6d0264d23a6a;Тип подключения;Файловый;0
0x9072b2f39389fe154b848a86e1c36d3a;Тип подключения;Клиент серверный;1
0xa2cc2846e8d1e1754d803e0ea62a6716;Типы оплат чека ККМ;Наличные;0
0x83318afa9f3dd85f44534585283b757a;Типы оплат чека ККМ;Платежная карта;1
0x93dc0f2eb1c2ab08404cd4df778a9cf9;Типы оплат чека ККМ;Банковский кредит;2
0xbe7d4486a4c1346b4cd15ae6a064a5ea;Типы ответа на вопрос анкеты;строки;0
0xbe5d4d6a4cdae40c42dc02c310048417;Типы ответа на вопрос анкеты;числа;1
0xa7cc3cfcc98452084566c6a5450dadc7;Типы ответа на вопрос анкеты;даты;2
0xb33173e3519d0b494de8829dc1eca68f;Типы ответа на вопрос анкеты;да/нет;3
0x99dbab87d7b290214320df228ab363d7;Типы ответа на вопрос анкеты;одного из вариантов;4
0xb33e8b38be9198a341dff99abd424b2e;Типы ответа на вопрос анкеты;нескольких вариантов из списка;5
0x9abad781c4746b7546d06d91498be2fb;Типы ответа на вопрос анкеты;адреса;6
0xbc40725eed27c0434af374efd57c4754;Типы ответа на вопрос анкеты;телефонного номера;7
0x85bda1e6841386fe4fa1e9bb96f72b63;Типы ответа на вопрос анкеты;адреса электронной почты;8
0x8d86f13183ebcc9043e11f07be9b41b0;Типы ответа на вопрос анкеты;ссылки на веб-страницу;9
0xaeaa592efc3448a34972de3f48d18d7b;Типы ответа на вопрос анкеты;другой контактной информации;10
0xb74f5b1cfb056de94c3039333c7c8272;Типы ответа на вопрос анкеты;таблицы;11
0x8cc19cbbf8a9047c41d65887cb88c336;Типы ответа на вопрос анкеты;текста;12
0xb2b3f6298868d1da42ad737e6f34fcb4;Типы ответа на вопрос анкеты;ссылки;13
0x8eeb0cee300199104c663fc3d52eda4e;Типы ответа на вопрос анкеты;контактной информации;14
0xb592519254abe9224e56fba9184d1023;Типы пользователей;Внешний пользователь;0
0xa8eaaa88092568044632f191cb68b275;Типы пользователей;Пользователь локального решения;1
0xadea21f6d73835ff43f58fe2174011b9;Типы пользователей;Пользователь области данных;2
0x96ed788fbb0f4ea74980abdf2d9048eb;Типы проблем обмена данными;Непроведенный документ;0
0x8b8e0d3f45ca3131460c235198c3bc52;Типы проблем обмена данными;Незаполненные реквизиты;1
0xb26b1a3b884a296a464f54171667d4b9;Типы структурных единиц;Склад;0
0xbe710c7b67618e704aa43d7fb53c1b12;Типы структурных единиц;Касса;1
0xa78e775d4f2258db4795b597e03b6592;Типы текстов электронных писем;HTML;0
0xa8916abe1ed16cdd4de0a42f6ae9e86a;Типы текстов электронных писем;Простой текст;1
0x917320235484f9f44cf265843b207d5f;Типы текстов электронных писем;Размеченный текст;2
0xb8f783470c131e09487fb0e7878d9efe;Типы текстов электронных писем;HTML с картинками;3
0xb166711fad63aa074a26fb976574d8f4;Типы хранения файлов;В информационной базе;0
0x831497a5ae9258c44d593241fb3eddaf;Типы хранения файлов;В томах на диске;1
0xb1aa8131ccf2cc5949100f5989bb49b1;Типы ЭД;Акт выполненных работ;0
0xb90629f013d30b52418bac429461a2b1;Типы ЭД;Гарантийное письмо;1
0x90782f10eb5d7197444473d1e1acd5c5;Типы ЭД;Договор;2
0xafa35f53af6beca04a322c5630bc7dbc;Типы ЭД;Платежное поручение;3
0xbf02455ec32600a64da8e10e0e53505f;Типы ЭД;Приложение к акту;4
0xb21d36b4b0313f364205313930e7fe04;Типы ЭД;Прочее;5
0xb1a566e09c5d14c447526ce7e6b0ad7f;Типы ЭД;Счет на оплату;6
0x96eb19a7f68e27174f5fb5eb3f00127e;Типы ЭД;Товарная накладная;7
0xb9622d3c3374a7724de52af7c283700a;Типы элементов версии электронных документов;Дополнительный ЭД;0
0x98252527ba5ee8d0418d80ded378a942;Типы элементов версии электронных документов;Извещение о получении;1
0x832afadd6b40f9264fce0e465c575846;Типы элементов версии электронных документов;Извещение о получении подтверждения даты отправки извещения о получении электронного счета-фактуры;2
0xb183ca9625a303ae4ce5155f84c982d1;Типы элементов версии электронных документов;Извещение о получении подтверждения даты отправки электронного счета-фактуры;3
0x823ee2268099ccb34a154984667f4b5c;Типы элементов версии электронных документов;Извещение о получении подтверждения даты получения электронного счета-фактуры;4
0xa4e95682c293a642416548a1036c5fc4;Типы элементов версии электронных документов;Извещение о получении уведомления об уточнении электронного счета-фактуры;5
0xb15a4ae9bdc8526c45d1b2943d93ff5d;Типы элементов версии электронных документов;Извещение о получении электронного счета-фактуры;6
0xa489b6b4933d6d224d841c263259e998;Типы элементов версии электронных документов;Ошибка;7
0x9debec5dcf8a5c5746f1ca70d2f8d4f2;Типы элементов версии электронных документов;Подтверждение даты отправки;8
0xbc5aec196796381b41d8b9d8f1424676;Типы элементов версии электронных документов;Подтверждение даты отправки извещения о получении электронного счета-фактуры;9
0xa612178d90d139ba45554b6cb1b7f9bf;Типы элементов версии электронных документов;Подтверждение даты отправки электронного счета-фактуры;10
0xa2cccf4f9a2d2eec46692d20128e0c27;Типы элементов версии электронных документов;Подтверждение даты получения;11
0x8695524f37d73c4743b5199464bb4064;Типы элементов версии электронных документов;Подтверждение даты получения электронного счета-фактуры;12
0x8fac3324a5d27e9143225b71cc9257be;Типы элементов версии электронных документов;Первичный электронный документ;13
0x853e63166f3993d4446ad75ec37c4ee9;Типы элементов версии электронных документов;Уведомление об уточнении;14
0x884d8b116ac24076458935936f40de15;Типы элементов версии электронных документов;Уведомление об уточнении электронного счета-фактуры;15
0xa1e0c53dc120c71e44b9199d4fc5ac33;Типы элементов версии электронных документов;Электронный счет-фактура;16
0xb554a02c61b8274647ed0b8da738a55d;Типы элементов версии электронных документов;Предложение об аннулировании;17
0xa963b28586b5611340a244cd4dbe7ee6;Товар / тара;Товар;0
0xaf2f8edbea5d401b49651f3bc08debea;Товар / тара;Тара;1
0x980b856e9c4050e0471e15e009205440;ТООшибки ККМOffline;При попытке выгрузки товаров в ККМ, подключаемую в режиме Offline, произошла ошибка. Товары не были выгружены.;0
0xbd313a15d5f75bd346f756cc990cb8da;ТООшибки ККМOffline;При попытке загрузки отчёта о продажах из ККМ, подключаемой в режиме Offline, произошла ошибка. Отчёт не был загружен.;1
0xb4f7adb939001a714188f22e807ff898;ТООшибки общие;Не удалось загрузить драйвер торгового оборудования;0
0x9e4650292be0a26f4a454fc1b167d6ea;ТООшибки общие;Ошибка загрузки обработки обслуживания;1
0x9f50e305e8d22115448953cf04a04893;ТООшибки общие;Неизвестная ошибка;2
0x82ccd8d9daed734d4587f3e3796eed86;ТООшибки общие;У текущего пользователя нет прав на использование торгового оборудования;3
0x839954fb6d42ec3b46fd9783b8446ab6;ТООшибки общие;Подключаемое оборудование не было корректно настроено;4
0xba02d530dbf8f5464e06f0f2e98c8e90;ТООшибки общие;Ошибка при подключении устройства;5
0xa6861554865b356a46b566218015ebb0;ТООшибки общие;Тест устройства не был пройден;6
0xae97ea27f2af58d04a5fa593357f5ab4;ТООшибки СМК;Считанная карта не может быть обработана;0
0xab1b588ab8b51b9444142baabe56fdc4;ТООшибки СШК;Считанный штрихкод не может быть обработан;0
0xab0fc5711de822e943ca79fc715caad1;ТООшибки ТСД;Ошибка загрузки строки;0
0xa55b9a6e9d36be124b2c2960cd5e5baf;ТООшибки ТСД;Загружен штрихкод неизвестного товара;1
0xb08c444ee94bb98242a77d3c42c9b0bd;ТООшибки ТСД;В таблице терминала нет данных;2
0xb083ad62b412683b4834f862328337a0;ТООшибки ФР;Для выполнения данной операции необходим корректный пароль администратора;0
0x8ab9bb79f81aa36648944e950bda1161;ТООшибки ФР;Для выполнения данной операции необходим корректный пароль кассира;1
0x8b35184c0c12bbd94b3757a49293c6fb;ТООшибки ФР;Данный фискальный регистратор не имеет возможности отражать в чеке факт наличных расчетов с юридическими лицами;2
0xbe249898165cf25f447246c85168c955;ТООшибки ФР;Недостаточно наличных средств в кассе для выполнения операции;3
0x87e529cc8b8cab8b47838ae53400597b;ТООшибки ФР;Выполнение данного действия невозможно в режиме печати чека;4
0x99ab3b978de7645d4781c9544fe1b775;ТООшибки ФР;Переданной суммы недостаточно для оплаты;5
0x97b2b31760fb19e14ca570289110e42c;Поля терминала сбора данных;Штрихкод;0
0xb47a82522adb35ca452e3889ec3e4fb7;Поля терминала сбора данных;Наименование номенклатуры;1
0xac047a394900cb8e4c80b4d9cf4bdce8;Поля терминала сбора данных;Артикул номенклатуры;2
0x9bc775bc028daa6141c0de6b8d0095e6;Поля терминала сбора данных;Характеристика номенклатуры;3
0x9bc6aea817b3fcf94c3dfdf4a22beecf;Поля терминала сбора данных;Серия номенклатуры;4
0x9d5e98b28ef9a5294cbc2094130b9190;Поля терминала сбора данных;Единица измерения номенклатуры;5
0xad8eb1d1aa5ffad1476ed6a0061b3cd7;Поля терминала сбора данных;Код номенклатуры;6
0xb778a96ab74b61fe4b9be21f08fd8f29;Поля терминала сбора данных;Цена номенклатуры;7
0xb816a5ddd0d5e53c4e7b724a32075685;Поля терминала сбора данных;Количество на складе;8
0x877d09a65e7542314c1e728aebe8dd6b;Поля терминала сбора данных;Качество;9
0xbb8157a0f2fd32b24bfd721b38fecf92;Удалить набор прав пользователей;Полные права;0
0xb6e8b9648ae9e0f04c129a7e95263994;Удалить набор прав пользователей;Менеджер по продажам;1
0x819743cb566a35514399c816b60bd88f;Удалить набор прав пользователей;Менеджер по закупкам;2
0x9bbdc96bb7161a6f40e5c7be7b7e749d;Удалить набор прав пользователей;Кладовщик;3
0x850d9c80997d99f042cf140fc0568de4;Удалить набор прав пользователей;Заведующий складом;4
0x9e5fdc4fe5fb8b574cbc32367ffbc06d;Удалить набор прав пользователей;Кассир;5
0x81caddd1d652fe904a38b23a3556de5f;Удалить набор прав пользователей;Администратор ККМ;6
0x96cfc454a90fdb2f44d9b7bdcb106ad5;Удалить набор прав пользователей;Оператор ККМ;7
0x847a398a745027214ce9cc85bdc3de7b;Условия оплаты расчетных документов;С акцептом;0
0xb3a26c9b40db565146222e5f39a9e9af;Условия оплаты расчетных документов;Без акцепта;1
0x8ba0cd17484f57ce4b36f88f67829f3e;Условия скидки наценки;По виду оплаты;0
0x86f2e675684cc5dc4f36bcce128d1435;Условия скидки наценки;По дисконтной карте;1
0x835ade6549651feb4ad55d02f9c66f85;Условия скидки наценки;Количество одного товара в документе превысило;2
0xb8dfe45dfe166e7b4f5a04a6ba5477d4;Условия скидки наценки;Сумма документа продажи превысила ;3
0x9996b0c3bdeeed6340e3054636800daf;Условия скидки наценки;Ручная скидка;4
0x95d58180d3ffafd043e0fbc796bad97d;Условия скидки наценки;Без условий;5
0x8e310c8526b1eec34059855164acff1d;Условия скидки наценки;Спец. предложение;6
0xa6f61431ece9ed4646ecaa3a735174ed;Условия скидки наценки;По виду дисконтных карт;7
0xa782d1fd2c8afabf40365c32a3197dcd;Условия скидки наценки;Подарок;8
0x9711105e655e0af849d0000b3380c607;Условия фильтров электронных писем;"Поле ""Отправитель"" содержит ...";0
0xa4d9c2ad425f41df4662cf5561657f2d;Условия фильтров электронных писем;Тема письма содержит ...;1
0xb427bbb06e5eb866409173a6870cff4f;Условия фильтров электронных писем;Текст письма содержит ...;2
0x94a82c5ddbb56a854031e6353c8dc861;Условия фильтров электронных писем;"Поле ""Кому"" содержит ...";3
0x90eba0cff5427ff3461780b975250cb5;Условия фильтров электронных писем;"Поле ""Копии"" содержит ...";4
0xab35ed09aa0a264b4a6821f58e3127e9;Форматы сохранения отчетов;Веб-страница (.html);0
0x971efbcfb5442f294d7e2d6beffc3e1d;Форматы сохранения отчетов;Веб-страница версии 4 (.html);1
0xb9f927c67a0e114c4a2c3c993c56de6b;Форматы сохранения отчетов;Лист Microsoft Excel 97-2003 (.xls);2
0xa5d75b3c28ad27b144a8832526146301;Форматы сохранения отчетов;Лист Microsoft Excel 2007 (.xlsx);3
0x933c30fa1b40b9d44a4c803306ae1669;Форматы сохранения отчетов;Документ Adobe PDF (.pdf);4
0xb08e26f55c74732a4550805beea0e86c;Форматы сохранения отчетов;Табличный документ (.mxl);5
0x8d0ea6f39e74d0a245c970fc30e48e0d;Форматы сохранения отчетов;Электронная таблица Open Document (.ods);6
0x95e3141a3e09592747310fb43811470f;Форматы сохранения отчетов;Документ Word 2007 (.docx);7
0xa418e79867d7801b439684e818cd192f;Форматы сохранения отчетов;Текстовый документ UTF-8 (.txt);8
0xa2fec08a9a5415cd40845a7787a80fa3;Форматы сохранения отчетов;Текстовый документ ANSI (.txt);9
0x8b9c8a15302802384ced1992ed01e9ad;Форматы файлов обмена ЭД;Документ ХML (*.xml);0
0xb76f50b9c42eeba145d3a38206f29af8;Форматы файлов обмена ЭД;Документ PDF (*.pdf);1
0xad58a3e1b4f8b6bd423ca6a4838076fe;Форматы файлов обмена ЭД;Документ HTML (*.html);2
0xa753e41ee0afdb574cd194039009a50f;Форматы файлов обмена ЭД;Документ Word 2007 (*.docx);3
0x8a408ff52799c49149b1925532d7e45c;Форматы файлов обмена ЭД;Лист Excel (*.xls);4
0x85fa5f71c18292c3416bd75a4064fee8;Форматы файлов обмена ЭД;Табличный документ (*.mxl);5
0x872db5328c4a73b14691f1bfd7cb9c3f;Форматы файлов обмена ЭД;Электронная таблица ODF (*.ods);6
0xb2540a4b71ac172940196bafa148b163;Форматы файлов обмена ЭД;Составной формат (*.zip);7
0x984acac32f9a73f045267b2fc66533c0;Характер затрат;Брак в производстве;0
0x8b6e671bb7ff26464cfd4c17299fd9c0;Характер затрат;Вложения во внеоборотные активы;1
0xa6c17485c46519d548990786ee3df592;Характер затрат;Издержки обращения;2
0x9330a0f325aaa5604572f3b3a758429c;Характер затрат;Коммерческие расходы;3
0xa3369737176ff194473ae373bd7c48cf;Характер затрат;Общепроизводственные расходы;4
0xa78264370700aa7a4a776567833031d4;Характер затрат;Общехозяйственные расходы;5
0x9c53ca73778548f24df9e239269b954a;Характер затрат;Производственные расходы;6
0x91952ed3e74f85bf4d7867ac1c3ce547;Характер затрат;Прочие;7
0x9d94a85e65bec3474395215c1e227392;Характер затрат;Не учитываемые в управленческом учете;8
0xa0a965423d806ea5495f8c487c5e4bac;Части журнала учета счетов-фактур;Полученные счета-фактуры;0
0xb475a8db328064624c483b7e75566aa0;Части журнала учета счетов-фактур;Выставленные счета-фактуры;1
0x855f88b45ed681094248d71bf1535720;Юр. / физ. лицо;Юр. лицо;0
0x9fe16425e8ccc8154bf0993c40aa38e8;Юр. / физ. лицо;Физ. лицо;1
0x9701531aae7e29e1418d1fb94bb4dd8d;Ставки НДС;18%;0
0x896ebdc306e4395048a15e1001835fd3;Ставки НДС;18% / 118%;1
0x8c35d1aa082d09c449482233639cb5dc;Ставки НДС;10%;2
0x8267317daeb1c9804a93e2accba8ba62;Ставки НДС;10% / 110%;3
0x805878f21622004e4e02ce8f6dfd246a;Ставки НДС;0%;4
0x8540419f4ca125b141cfbf05c518610d;Ставки НДС;Без НДС;5
0x96a72e469df2a8df4f5bf008c2577b7d;Ставки НДС;20%;6
0xb751b731d8b9680e4f36dcf6accbc9bd;Ставки НДС;20% / 120%;7
0x9fae6150d2044e6e4e792b61e30f755b;Типы номенклатуры;Товар;0
0xb4f5a67f048f61db46d986307cf04a0c;Типы номенклатуры;Услуга;1
0xbacb2b79b10f027b4d623097cba7b276;Типы номенклатуры;Набор-пакет;2
0x971ce6a5d536eac44ba70ee7fbd5b16b;Типы номенклатуры;Набор-комплект;3
0xb18f6ee52963bb944451263c7180a60d;Типы номенклатуры;Готовая Продукция;4
0xb1df53b9cff39d9349e3983553f2d328;Виды номенклатуры77;Номенклатура;0
0xba9fbe7c43ccd5a14542fad0a759b4e0;Виды номенклатуры77;Материал;1
0x82b206b42e9c216d4731d6394ec8a019;Способ получения77;Себестоимость;0
0x99541765c29acf0940a7a933335e8a5e;Способ получения77;Переодический реквизит;1
0xb81f2605e1bb5a9d4ca276832f6dbd37;Способ получения77;Прямое;2
0xb1367a5906272dde4b3011b4a88ea75a;Способ получения77;По коду;3
0xb902407ce97617e94da6320bde1b792d;Варианты версионирования объектов;Версионировать;0
0x98cc65d3704a16114c0a89331ec1cf2d;Варианты версионирования объектов;Версионировать при проведении;1
0x9cd88433d83bb1fd46364d1ece81a111;Варианты версионирования объектов;Не версионировать;2
0xa44cdb68a0ff49664f75a3f142a3ff63;Типы версий объекта;Изменено пользователем;0
0x9f9f5e0ae73bb2b74e035a4b62172a74;Типы версий объекта;Принятые данные по коллизии;1
0xb09adccbb4c885f44282aad9334f0110;Типы версий объекта;Непринятые данные по коллизии;2
0xa5a5d5f72a5b1eed47396f8511603565;Типы версий объекта;Непринятый по дате запрета объект существует в базе;3
0xafcc92a0e2315f8b4a47ee5e530bb365;Типы версий объекта;Непринятый по дате запрета объект не существует в базе;4
0x8598ad9e1d07a42c4fea6e7b72552604;Статусы документов ЭД;РТУ Ожидает отправки;0
0x90a8755d4ceb88d24636e3f773c0f56d;Статусы документов ЭД;Ожидает подтверждения;1
0xbaca271d02157fc444ad2298b4195730;П р статусы заказов покупателя;Есть проведенная накладная;0
0xa317aa18bc2d8cba40ab5674c4328237;П р статусы заказов покупателя;Заказом зарезервирован товар;1
0xb07ed34ff580dbfc4496d46079c84132;П р статусы заказов покупателя;Есть проведенные подчиненные документы;2
0xa5b14f4b68378c2c472302439e473cae;П р статусы заказов покупателя;Разрешено редактирование сумм;3
0x889e4982eb95a5d14ec8f7482a4b622c;П р статусы заказов покупателя;Новый;4
0x8b69e79c79f6ae3e45fed8031c498e84;П р типы выплат бонусов;Перечисление на расчетный счет;0
0x9c3f3b93aa0d23a14a60ce1180ceb156;П р типы выплат бонусов;Скидка в цене отгрузки;1
0x97358ebf167c580448a29c1c468c8a47;П р типы выплат бонусов;Взаимозачет;2
0xa1de59be20b9cc5945b204f057400841;П р типы выплат бонусов;Товарный бонус;3
0xa25a80d98ea309864f3bc9166b38ffde;Коды хозяйственных операций;Возврат от покупателя;0
0xb42d0d003376f0e4479a85c2974d2fdc;Коды хозяйственных операций;Возврат поставщику;1
0x810819f855a151cc42e051ea0097699f;Коды хозяйственных операций;Комплектация номенклатуры;2
0xa72b124abff2941a4b42fb4b386f0554;Коды хозяйственных операций;Оприходование;3
0x9b2aecfecf53d158406da87d07efe362;Коды хозяйственных операций;Оприходование по инвентаризации;4
0x8559838b341416ad4529f76eddef3a59;Коды хозяйственных операций;Перемещение товаров;5
0x900cb08476f564944bacfc2bdb7a8f4c;Коды хозяйственных операций;Поступление товаров;6
0x8636c31a0550a0d1416107e5a651b29c;Коды хозяйственных операций;Реализация товаров;7
0x8cbfe75c6e4f61434045bf4503839bc7;Коды хозяйственных операций;Списание на затраты;8
0xb7478e792a2c6ce942a4a357503c6f88;Коды хозяйственных операций;Списание по инвентаризации;9
0xbb1f3b15b2ff61a34d149556b6323ea2;Коды хозяйственных операций;Погашение подарочных сертификатов;10
0xb2a0bdeec68195244349706f7b803ae2;Способы доставки;Самовывоз;0
0xbb878d0342edf6d445568f0ffebae95c;Способы доставки;До клиента;1
0x9ed0906affff52a94f79e6933c14f4ea;Способы доставки;Наша транспортная служба до превозчика;2
0x9b5b0bc6b8b4b4a14ee8e1f858bc0d87;Типы документов оплаты;Платежное поручение входящее;0
0x9b356ca5bc31c2b14dd71412d6f393b5;Типы документов оплаты;Корректировка реализации;1
0xb9bf10aac858dff24ebdb7a8814b7a2a;Типы документов оплаты;Взаимозачет;2
0x96f349e2e1f0c86b489ffc5f0cce514d;Типы документов оплаты;Согласование коммерческим директором;3
0xa75d3d284dc4873e4c827116a9e857ad;Типы автомобилей;Грузовой;0
0x9aea48de44d0d55a4f39e5c6602b091b;Типы автомобилей;Легковой;1
0x82efe1b89ae24c88426a7560fbc957fb;Типы автомобилей;Специальная техника;2
0x9397ac0858c6feaa455b92dda71a48d4;Виды продукции (Контур.Маркировка);Табак;0
0xbc326d51ca908ec344a6f4725c496f0e;Виды продукции (Контур.Маркировка);Обувь;1
0x9462046c04f1dc5148cf7747c88b29fb;Виды продукции (Контур.Маркировка);Легпром;2
0xb0e60f87e5cf2e304569653c26e8e27a;Виды продукции (Контур.Маркировка);Шины;3
0x907b74c1a91c9f2c4ebc6e458eb8f478;Виды продукции (Контур.Маркировка);Парфюмерия;4
0xbf7735a69fb7a9214dc8a899e6e9dc9b;Виды продукции (Контур.Маркировка);Фототовары;5
0xb0dbe18802b9f46d4e59ce1232940eae;Виды продукции (Контур.Маркировка);Молочная продукция;6
0xbf9e87b5ec59d4f24f215769c2e59e20;Виды продукции (Контур.Маркировка);Велосипеды;7
0x8510cb9bb15d617247fbe1c78efe0de8;Виды продукции (Контур.Маркировка);Кресла-коляски;8
0xa3e5e1ea7820e1164fb16472733a3a14;Виды продукции (Контур.Маркировка);Вода;9
0x8e4a74926a8a1a1f4f6c6dbfb5ca4453;Виды продукции (Контур.Маркировка);Пиво;10
0xa787ac082790e60b4ef48df8ccda1549;Виды продукции (Контур.Маркировка);БАДы;11
0x99ae5ebf428b5e6b46f1c13bdf362112;Виды продукции (Контур.Маркировка);Антисептики;12
0x9fab6b64fc29a5d54afb446baebc9d4c;Виды продукции (Контур.Маркировка);Никотиносодержащая продукция;13
0xbc58eefb2db52afc4ab87113287c9556;Типы упаковок (Контур.Маркировка);Групповая;0
0xa8082d226855552d4e236b45aea28eaa;Типы упаковок (Контур.Маркировка);Логистическая;1
0x945af34870f2b0004834f2d6d7034b1e;Типы упаковок (Контур.Маркировка);Потребительская;2
0xbbe5c8bdb78a259b4904acd46f180ef8;Типы упаковок (Контур.Маркировка);Объемно сортовой учет;3
0xa4436da23e47252d4507ffe1aebb44b1;Типы упаковок (Контур.Маркировка);Маркированный товар;0
0xafca0b8bb6f952624cef07cb2ff62fd0;Типы упаковок (Контур.Маркировка);Монотоварная упаковка;1
0xabb42a9edfb8307349c28ca9d8679298;Типы упаковок (Контур.Маркировка);Мультитоварная упаковка;2
0xb6762eeb8b8c62714d5ef37cdc942ff3;Типы штрихкодов (Контур.Маркировка);SSCC;0
0xb3a71e64dcff5a1b44566a5cd6fb08e1;Типы штрихкодов (Контур.Маркировка);EAN13;1
0x94e53d98c599495e4905bfaa16434ba8;Типы штрихкодов (Контур.Маркировка);GS1-128;2
0x93bdea5509ab79be4bae2009ef57fda0;Типы штрихкодов (Контур.Маркировка);GS1-DataMatrix;3
0xaf8ce51e07f066174c8d96ce86ee0ec3;Типы кодов маркировки (Контур.Маркировка);Единица товара;0
0xbb73847380b6bdac4bbf66bbd82171d6;Типы кодов маркировки (Контур.Маркировка);Комплект;1
0xa0ee4ed3d87499464b4841ec4cb61900;Типы кодов маркировки (Контур.Маркировка);Набор;2
0xa3070dfd91bd0cd141d60b15a3e36673;Типы кодов маркировки (Контур.Маркировка);Групповая потребительская упаковка;3
0xac0e043ce309d5614008f36f24671a13;Роли сервис провайдеров (Контур.Маркировка);ЦЭМ (типография);0
0x875f235d50dccecc4eb1909ac37c4517;Роли сервис провайдеров (Контур.Маркировка);Контрактное производство;1
0x8b1bb7465a75bb8047ab01138ad71205;Роли сервис провайдеров (Контур.Маркировка);Логистический склад;2
0xa487981d064e88644447a59178a7f469;Роли сервис провайдеров (Контур.Маркировка);Комиссионная площадка;3
0x953baa5cde0bec344802266bd6f2325d;Типы этикеток (Контур.Маркировка);Товарная;0
0x8297e5a1f11e4a2b4e5dda975a317dc2;Типы этикеток (Контур.Маркировка);Транспортная;1
